RAC1P_label,SEX_label,SOCP_label,ENG_label,LANX_label,PINCP,WKHP,POVPIP
White alone,Female,FIN-Accountants And Auditors,Well,"Yes, speaks another language",30000,40,118
White alone,Male,TRN-Stockers And Order Fillers,N/A (less than 5 years old/speaks only English),"No, speaks only English",17000,40,378
Black or African American alone,Female,"OFF-Bookkeeping, Accounting, And Auditing Clerks",N/A (less than 5 years old/speaks only English),"No, speaks only English",50000,40,472
White alone,Male,TRN-Cleaners Of Vehicles And Equipment,N/A (less than 5 years old/speaks only English),"No, speaks only English",20000,40,113
White alone,Female,EDU-Teaching Assistants,Very well,"Yes, speaks another language",18300,40,404
White alone,Female,SAL-Real Estate Brokers And Sales Agents,N/A (less than 5 years old/speaks only English),"No, speaks only English",49100,10,501
White alone,Male,CON-Construction Equipment Operators,Well,"Yes, speaks another language",60000,50,240
White alone,Female,BUS-Management Analysts,N/A (less than 5 years old/speaks only English),"No, speaks only English",18100,1,501
Black or African American alone,Female,"TRN-Bus Drivers, Transit And Intercity",N/A (less than 5 years old/speaks only English),"No, speaks only English",70000,57,501
White alone,Male,CON-Construction Laborers,Very well,"Yes, speaks another language",10000,40,241
Asian alone,Female,PRS-Manicurists and Pedicurists,Not at all,"Yes, speaks another language",20000,40,241
Two or More Races,Male,PRT-Correctional Officers And Jailers,N/A (less than 5 years old/speaks only English),"No, speaks only English",59700,48,363
White alone,Male,"PRS-Hairdressers, Hairstylists, And Cosmetologists",N/A (less than 5 years old/speaks only English),"No, speaks only English",60300,36,501
Some Other Race alone,Female,"OFF-Bookkeeping, Accounting, And Auditing Clerks",Very well,"Yes, speaks another language",12000,20,264
White alone,Male,RPR-Precision Instrument And Equipment Repairers,N/A (less than 5 years old/speaks only English),"No, speaks only English",64000,45,501
White alone,Female,FIN-Accountants And Auditors,N/A (less than 5 years old/speaks only English),"No, speaks only English",145000,50,501
White alone,Male,MGR-Sales Managers,N/A (less than 5 years old/speaks only English),"No, speaks only English",165000,60,501
White alone,Female,SAL-First-Line Supervisors Of Retail Sales Workers,N/A (less than 5 years old/speaks only English),"No, speaks only English",67000,44,501
Black or African American alone,Female,EDU-Secondary School Teachers,N/A (less than 5 years old/speaks only English),"No, speaks only English",54000,60,501
White alone,Female,EAT-Waiters And Waitresses,Very well,"Yes, speaks another language",5100,16,228
Some Other Race alone,Female,"PRD-Inspectors, Testers, Sorters, Samplers, And Weighers",Not well,"Yes, speaks another language",3400,17,236
Black or African American alone,Male,PRT-Correctional Officers And Jailers,Very well,"Yes, speaks another language",48000,40,320
Black or African American alone,Female,MGR-Natural Sciences Managers,N/A (less than 5 years old/speaks only English),"No, speaks only English",120000,40,501
White alone,Male,"BUS-Claims Adjusters, Appraisers, Examiners, And Investigators",N/A (less than 5 years old/speaks only English),"No, speaks only English",80000,40,501
White alone,Female,OFF-Receptionists And Information Clerks,N/A (less than 5 years old/speaks only English),"No, speaks only English",50000,40,389
White alone,Male,FIN-Insurance Underwriters,N/A (less than 5 years old/speaks only English),"No, speaks only English",46000,70,501
White alone,Male,SAL-Cashiers,Very well,"Yes, speaks another language",24000,40,501
Asian alone,Male,CMM-Computer Programmers,Very well,"Yes, speaks another language",100300,40,501
White alone,Female,SAL-Retail Salespersons,N/A (less than 5 years old/speaks only English),"No, speaks only English",29000,20,501
White alone,Male,SAL-Retail Salespersons,Not well,"Yes, speaks another language",26000,40,238
Black or African American alone,Female,OFF-Reservation And Transportation Ticket Agents And Travel Clerks,N/A (less than 5 years old/speaks only English),"No, speaks only English",27500,40,330
White alone,Male,ENG-Civil Engineers,N/A (less than 5 years old/speaks only English),"No, speaks only English",94000,50,501
Asian alone,Male,"ENG-Architects, Except Landscape And Naval",Very well,"Yes, speaks another language",131000,40,447
Black or African American alone,Female,OFF-Postal Service Clerks,N/A (less than 5 years old/speaks only English),"No, speaks only English",60000,40,470
White alone,Female,OFF-Customer Service Representatives,Not well,"Yes, speaks another language",28000,40,281
White alone,Female,"OFF-Secretaries And Administrative, Except Legal, Medical, And Executive",Very well,"Yes, speaks another language",20200,40,501
White alone,Female,EDU-Elementary And Middle School Teachers,N/A (less than 5 years old/speaks only English),"No, speaks only English",52000,40,501
White alone,Female,SAL-First-Line Supervisors Of Retail Sales Workers,Not well,"Yes, speaks another language",20800,42,105
White alone,Female,SAL-Real Estate Brokers And Sales Agents,Very well,"Yes, speaks another language",38300,16,318
White alone,Female,MGR-General And Operations Managers,Very well,"Yes, speaks another language",85000,40,501
Black or African American alone,Male,TRN-Supervisors Of Transportation And Material Moving Workers,N/A (less than 5 years old/speaks only English),"No, speaks only English",92000,42,501
White alone,Female,SAL-Cashiers,N/A (less than 5 years old/speaks only English),"No, speaks only English",400,16,124
White alone,Female,Off-First-Line Supervisors Of Office And Administrative Support Workers,N/A (less than 5 years old/speaks only English),"No, speaks only English",93600,50,501
Black or African American alone,Female,MGR-Financial Managers,N/A (less than 5 years old/speaks only English),"No, speaks only English",32000,45,372
White alone,Female,"OFF-Secretaries And Administrative, Except Legal, Medical, And Executive",Very well,"Yes, speaks another language",30000,38,472
Black or African American alone,Female,PRT-Security Guards And Gaming Surveillance Officers,N/A (less than 5 years old/speaks only English),"No, speaks only English",20000,40,501
White alone,Male,CON-Construction Laborers,Well,"Yes, speaks another language",30000,30,94
Asian alone,Male,CMM-Software Developers,Very well,"Yes, speaks another language",138100,40,501
White alone,Female,"OFF-Bookkeeping, Accounting, And Auditing Clerks",N/A (less than 5 years old/speaks only English),"No, speaks only English",42000,45,328
Asian alone,Male,SAL-First-Line Supervisors Of Non-Retail Sales Workers,Very well,"Yes, speaks another language",80000,30,501
White alone,Male,EAT-Waiters And Waitresses,Very well,"Yes, speaks another language",2200,20,216
Black or African American alone,Male,TRN-Cleaners Of Vehicles And Equipment,N/A (less than 5 years old/speaks only English),"No, speaks only English",7000,30,54
Some Other Race alone,Female,MGR-Financial Managers,Very well,"Yes, speaks another language",36000,40,164
Asian alone,Male,BUS-Logisticians,Very well,"Yes, speaks another language",23500,40,501
White alone,Male,SAL-Real Estate Brokers And Sales Agents,N/A (less than 5 years old/speaks only English),"No, speaks only English",156000,45,501
White alone,Male,RPR-Automotive Service Technicians And Mechanics,N/A (less than 5 years old/speaks only English),"No, speaks only English",30000,40,501
White alone,Female,EDU-Tutors,N/A (less than 5 years old/speaks only English),"No, speaks only English",33700,8,383
White alone,Female,OFF-Customer Service Representatives,Very well,"Yes, speaks another language",33000,40,273
White alone,Male,SCI-Biological Technicians,N/A (less than 5 years old/speaks only English),"No, speaks only English",37600,40,330
White alone,Female,OFF-Medical Secretaries And Administrative Assistants,Very well,"Yes, speaks another language",45000,40,438
White alone,Male,CMS-Clergy,N/A (less than 5 years old/speaks only English),"No, speaks only English",36000,40,446
White alone,Female,EDU-Teaching Assistants,Not well,"Yes, speaks another language",30800,57,172
White alone,Male,TRN-Driver/Sales Workers And Truck Drivers,N/A (less than 5 years old/speaks only English),"No, speaks only English",45000,70,485
Some Other Race alone,Female,SAL-Retail Salespersons,Very well,"Yes, speaks another language",11500,50,230
White alone,Female,"OFF-Bookkeeping, Accounting, And Auditing Clerks",Very well,"Yes, speaks another language",43000,44,282
Black or African American alone,Male,"OFF-Shipping, Receiving, And Traffic Clerks",N/A (less than 5 years old/speaks only English),"No, speaks only English",35000,40,501
Asian alone,Female,EDU-Elementary And Middle School Teachers,Very well,"Yes, speaks another language",1600,20,477
White alone,Female,OFF-Receptionists And Information Clerks,N/A (less than 5 years old/speaks only English),"No, speaks only English",48000,32,501
White alone,Female,TRN-Taxi Drivers,N/A (less than 5 years old/speaks only English),"No, speaks only English",17000,40,501
White alone,Female,MGR-Social And Community Service Managers,N/A (less than 5 years old/speaks only English),"No, speaks only English",57200,25,501
White alone,Female,EAT-Food Preparation Workers,N/A (less than 5 years old/speaks only English),"No, speaks only English",3000,30,440
White alone,Male,TRN-Driver/Sales Workers And Truck Drivers,N/A (less than 5 years old/speaks only English),"No, speaks only English",50000,50,491
White alone,Female,"TRN-Bus Drivers, Transit And Intercity",N/A (less than 5 years old/speaks only English),"No, speaks only English",12000,35,171
Black or African American alone,Female,SAL-Retail Salespersons,N/A (less than 5 years old/speaks only English),"No, speaks only English",5800,10,461
Asian alone,Male,CMM-Software Developers,N/A (less than 5 years old/speaks only English),"No, speaks only English",147300,40,501
Black or African American alone,Male,PRD-First-Line Supervisors Of Production And Operating Workers,Very well,"Yes, speaks another language",38000,40,457
White alone,Female,"OFF-Secretaries And Administrative, Except Legal, Medical, And Executive",Very well,"Yes, speaks another language",41800,40,455
White alone,Female,"OFF-Production, Planning, And Expediting Clerks",N/A (less than 5 years old/speaks only English),"No, speaks only English",70000,40,501
Asian alone,Male,OFF-Couriers And Messengers,N/A (less than 5 years old/speaks only English),"No, speaks only English",4000,25,465
Black or African American alone,Male,PRS-Barbers,N/A (less than 5 years old/speaks only English),"No, speaks only English",12000,40,501
Black or African American alone,Female,EAT-Fast Food And Counter Workers,N/A (less than 5 years old/speaks only English),"No, speaks only English",13100,35,156
Black or African American alone,Female,"MGR-Property, Real Estate, And Community Association Managers",Very well,"Yes, speaks another language",52000,40,402
White alone,Male,TRN-Stockers And Order Fillers,N/A (less than 5 years old/speaks only English),"No, speaks only English",2600,20,66
White alone,Female,PRS-Childcare Workers,N/A (less than 5 years old/speaks only English),"No, speaks only English",8000,4,31
White alone,Male,RPR-Automotive Service Technicians And Mechanics,Very well,"Yes, speaks another language",40000,40,441
White alone,Male,"CMM Computer Occupations, All Other",Very well,"Yes, speaks another language",800,40,226
White alone,Male,"CON-Plumbers, Pipefitters, And Steamfitters",N/A (less than 5 years old/speaks only English),"No, speaks only English",40000,50,310
White alone,Male,"RPR-Heating, Air Conditioning, And Refrigeration Mechanics And Installers",Well,"Yes, speaks another language",40000,50,264
Black or African American alone,Female,SAL-Cashiers,N/A (less than 5 years old/speaks only English),"No, speaks only English",3500,24,432
White alone,Female,Off-First-Line Supervisors Of Office And Administrative Support Workers,N/A (less than 5 years old/speaks only English),"No, speaks only English",79500,40,501
White alone,Female,OFF-Receptionists And Information Clerks,N/A (less than 5 years old/speaks only English),"No, speaks only English",54000,48,476
White alone,Male,CMS-Clergy,N/A (less than 5 years old/speaks only English),"No, speaks only English",97500,60,501
White alone,Male,RPR-Automotive Service Technicians And Mechanics,Not well,"Yes, speaks another language",33600,45,323
White alone,Female,OFF-Customer Service Representatives,Very well,"Yes, speaks another language",16000,30,501
Some Other Race alone,Male,RPR-Automotive Service Technicians And Mechanics,Well,"Yes, speaks another language",60000,40,501
White alone,Female,TRN-Stockers And Order Fillers,Very well,"Yes, speaks another language",21600,30,248
White alone,Male,ENT-Editors,N/A (less than 5 years old/speaks only English),"No, speaks only English",16300,40,304
White alone,Female,"PRD-Inspectors, Testers, Sorters, Samplers, And Weighers",Well,"Yes, speaks another language",14000,40,208
White alone,Male,CMM-Software Developers,N/A (less than 5 years old/speaks only English),"No, speaks only English",131300,40,501
White alone,Female,EDU-Elementary And Middle School Teachers,N/A (less than 5 years old/speaks only English),"No, speaks only English",52000,40,434
White alone,Female,CMM-Computer Systems Analysts,N/A (less than 5 years old/speaks only English),"No, speaks only English",52000,45,458
Some Other Race alone,Male,CON-Construction Laborers,Very well,"Yes, speaks another language",12000,25,71
White alone,Male,EDU-Elementary And Middle School Teachers,N/A (less than 5 years old/speaks only English),"No, speaks only English",66200,52,501
White alone,Female,OFF-File Clerks,N/A (less than 5 years old/speaks only English),"No, speaks only English",33000,40,469
Asian alone,Male,"PRD-Inspectors, Testers, Sorters, Samplers, And Weighers",Well,"Yes, speaks another language",26000,40,446
Black or African American alone,Male,MGR-General And Operations Managers,N/A (less than 5 years old/speaks only English),"No, speaks only English",37000,79,450
Two or More Races,Male,TRN-Stockers And Order Fillers,Very well,"Yes, speaks another language",31400,60,333
Some Other Race alone,Female,"EAT-Hosts And Hostesses, Restaurant, Lounge, And Coffee Shop",Well,"Yes, speaks another language",6300,20,182
White alone,Male,"TRN-Laborers And Freight, Stock, And Material Movers, Hand",N/A (less than 5 years old/speaks only English),"No, speaks only English",24000,50,204
White alone,Female,EDU-Preschool And Kindergarten Teachers,N/A (less than 5 years old/speaks only English),"No, speaks only English",3500,9,87
White alone,Male,ENT-Musicians And Singers,N/A (less than 5 years old/speaks only English),"No, speaks only English",35000,35,501
White alone,Female,EAT-Cooks,Well,"Yes, speaks another language",30000,40,428
Black or African American alone,Male,"SAL-Securities, Commodities, And Financial Services Sales Agents",N/A (less than 5 years old/speaks only English),"No, speaks only English",105000,50,501
Two or More Races,Female,EDU-Elementary And Middle School Teachers,N/A (less than 5 years old/speaks only English),"No, speaks only English",58700,55,501
White alone,Female,EDU-Preschool And Kindergarten Teachers,Very well,"Yes, speaks another language",14500,35,200
Black or African American alone,Female,MED-Registered Nurses,Very well,"Yes, speaks another language",84000,30,501
White alone,Male,CON-Electricians,Well,"Yes, speaks another language",66000,40,332
White alone,Male,PRD-First-Line Supervisors Of Production And Operating Workers,N/A (less than 5 years old/speaks only English),"No, speaks only English",166000,60,501
Black or African American alone,Male,"SAL-Sales Representatives, Wholesale And Manufacturing",N/A (less than 5 years old/speaks only English),"No, speaks only English",100000,50,501
Black or African American alone,Female,BUS-Project Management Specialists,N/A (less than 5 years old/speaks only English),"No, speaks only English",68600,50,501
Asian alone,Male,CMM-Computer Programmers,Very well,"Yes, speaks another language",70000,40,278
White alone,Male,CON-First-Line Supervisors Of Construction Trades And Extraction Workers,N/A (less than 5 years old/speaks only English),"No, speaks only English",70000,50,501
Black or African American alone,Female,HLS-Personal Care Aides,N/A (less than 5 years old/speaks only English),"No, speaks only English",11000,28,307
White alone,Female,MED-Registered Nurses,N/A (less than 5 years old/speaks only English),"No, speaks only English",88200,45,501
Black or African American alone,Male,SAL-First-Line Supervisors Of Retail Sales Workers,N/A (less than 5 years old/speaks only English),"No, speaks only English",25000,30,441
Black or African American alone,Female,MED-Licensed Practical And Licensed Vocational Nurses,N/A (less than 5 years old/speaks only English),"No, speaks only English",49400,50,473
White alone,Male,CON-Construction Equipment Operators,Well,"Yes, speaks another language",55000,50,455
White alone,Male,"OFF-Office Clerks, General",N/A (less than 5 years old/speaks only English),"No, speaks only English",19820,10,167
Black or African American alone,Male,EDU-Postsecondary Teachers,Very well,"Yes, speaks another language",27400,28,501
Black or African American alone,Female,EAT-Cooks,N/A (less than 5 years old/speaks only English),"No, speaks only English",18400,35,141
Some Other Race alone,Male,"TRN-Bus Drivers, Transit And Intercity",Not well,"Yes, speaks another language",31200,53,206
White alone,Female,PRD-Sewing Machine Operators,N/A (less than 5 years old/speaks only English),"No, speaks only English",24100,50,142
Asian alone,Female,"PRD-Inspectors, Testers, Sorters, Samplers, And Weighers",Well,"Yes, speaks another language",6500,40,100
Black or African American alone,Female,MGR-Financial Managers,N/A (less than 5 years old/speaks only English),"No, speaks only English",40000,40,501
White alone,Male,SAL-Advertising Sales Agents,N/A (less than 5 years old/speaks only English),"No, speaks only English",185000,40,501
Black or African American alone,Female,SAL-First-Line Supervisors Of Non-Retail Sales Workers,N/A (less than 5 years old/speaks only English),"No, speaks only English",50000,40,501
White alone,Male,"RPR-Maintenance And Repair Workers, General",N/A (less than 5 years old/speaks only English),"No, speaks only English",40000,40,501
White alone,Female,"SAL-Sales And Related Workers, All Other",N/A (less than 5 years old/speaks only English),"No, speaks only English",77000,45,501
Asian alone,Female,SAL-Cashiers,Very well,"Yes, speaks another language",1000,40,155
White alone,Male,MGR-Construction Managers,Very well,"Yes, speaks another language",90000,40,480
Black or African American alone,Male,TRN-Driver/Sales Workers And Truck Drivers,N/A (less than 5 years old/speaks only English),"No, speaks only English",50000,50,388
Some Other Race alone,Male,"TRN-Laborers And Freight, Stock, And Material Movers, Hand",N/A (less than 5 years old/speaks only English),"No, speaks only English",60000,50,501
White alone,Female,"OFF-Secretaries And Administrative, Except Legal, Medical, And Executive",N/A (less than 5 years old/speaks only English),"No, speaks only English",20000,40,390
White alone,Female,SAL-Cashiers,N/A (less than 5 years old/speaks only English),"No, speaks only English",9000,35,166
Black or African American alone,Female,EDU-Elementary And Middle School Teachers,N/A (less than 5 years old/speaks only English),"No, speaks only English",28200,40,146
Black or African American alone,Male,CMM-Computer Support Specialists,N/A (less than 5 years old/speaks only English),"No, speaks only English",7000,40,352
Black or African American alone,Female,CMS-Substance Abuse And Behavioral Disorder Counselors,N/A (less than 5 years old/speaks only English),"No, speaks only English",37000,40,251
White alone,Male,CON-First-Line Supervisors Of Construction Trades And Extraction Workers,N/A (less than 5 years old/speaks only English),"No, speaks only English",60000,40,166
White alone,Male,"OFF-Bookkeeping, Accounting, And Auditing Clerks",N/A (less than 5 years old/speaks only English),"No, speaks only English",72000,60,501
Asian alone,Female,PRS-Manicurists and Pedicurists,Very well,"Yes, speaks another language",15300,50,501
White alone,Female,SAL-Retail Salespersons,N/A (less than 5 years old/speaks only English),"No, speaks only English",34100,16,284
White alone,Male,EDU-Secondary School Teachers,N/A (less than 5 years old/speaks only English),"No, speaks only English",56400,45,501
White alone,Female,"OFF-Production, Planning, And Expediting Clerks",N/A (less than 5 years old/speaks only English),"No, speaks only English",200000,50,501
Black or African American alone,Male,Off-First-Line Supervisors Of Office And Administrative Support Workers,N/A (less than 5 years old/speaks only English),"No, speaks only English",72000,65,501
White alone,Male,CON-Construction Laborers,N/A (less than 5 years old/speaks only English),"No, speaks only English",45800,45,325
White alone,Male,TRN-Taxi Drivers,N/A (less than 5 years old/speaks only English),"No, speaks only English",37000,30,347
White alone,Female,"CMS-Counselors, All Other",N/A (less than 5 years old/speaks only English),"No, speaks only English",74800,65,501
White alone,Male,RPR-Radio And Telecommunications Equipment Installers And Repairers,Very well,"Yes, speaks another language",27000,40,136
Black or African American alone,Female,OFF-Customer Service Representatives,N/A (less than 5 years old/speaks only English),"No, speaks only English",31000,40,371
White alone,Female,HLS-Home Health Aides,Not well,"Yes, speaks another language",18000,30,282
White alone,Female,EDU-Elementary And Middle School Teachers,N/A (less than 5 years old/speaks only English),"No, speaks only English",1500,15,11
White alone,Male,EDU-Postsecondary Teachers,N/A (less than 5 years old/speaks only English),"No, speaks only English",80100,36,501
White alone,Male,CMM-Computer Network Architects,N/A (less than 5 years old/speaks only English),"No, speaks only English",95000,50,501
American Indian alone,Female,TRN-Stockers And Order Fillers,N/A (less than 5 years old/speaks only English),"No, speaks only English",16200,40,281
White alone,Female,MED-Clinical Laboratory Technologists And Technicians,N/A (less than 5 years old/speaks only English),"No, speaks only English",78000,40,501
White alone,Male,OFF-Customer Service Representatives,Very well,"Yes, speaks another language",26000,40,263
"American Indian and Alaska Native tribes specified; or American Indian or Alaska Native, not specified and no other races",Male,CON-Construction Laborers,Not well,"Yes, speaks another language",35000,40,159
White alone,Female,HLS-Personal Care Aides,Very well,"Yes, speaks another language",32000,36,399
White alone,Male,EXT_Surface Mining Machine Operators And Earth Drillers,Not well,"Yes, speaks another language",25000,40,160
Black or African American alone,Male,BUS-Human Resources Workers,N/A (less than 5 years old/speaks only English),"No, speaks only English",39000,45,312
White alone,Female,MED-Licensed Practical And Licensed Vocational Nurses,Very well,"Yes, speaks another language",40000,40,309
Black or African American alone,Female,EAT-Waiters And Waitresses,N/A (less than 5 years old/speaks only English),"No, speaks only English",22500,45,174
White alone,Male,SAL-First-Line Supervisors Of Retail Sales Workers,N/A (less than 5 years old/speaks only English),"No, speaks only English",80000,60,402
Some Other Race alone,Male,FFF-Fishing And Hunting Workers,Very well,"Yes, speaks another language",52500,12,409
Black or African American alone,Female,OFF-Customer Service Representatives,N/A (less than 5 years old/speaks only English),"No, speaks only English",30000,40,266
Asian alone,Female,MED-Physicians,Very well,"Yes, speaks another language",468000,40,501
Black or African American alone,Female,OFF-Loan Interviewers And Clerks,N/A (less than 5 years old/speaks only English),"No, speaks only English",11500,40,232
Black or African American alone,Female,TRN-Stockers And Order Fillers,N/A (less than 5 years old/speaks only English),"No, speaks only English",25000,40,124
White alone,Female,"PRD-Inspectors, Testers, Sorters, Samplers, And Weighers",Very well,"Yes, speaks another language",24500,40,376
White alone,Male,"TRN-Laborers And Freight, Stock, And Material Movers, Hand",Very well,"Yes, speaks another language",48000,55,359
White alone,Male,CON-Construction And Building Inspectors,Well,"Yes, speaks another language",21000,40,104
White alone,Female,PRD-Laundry And Dry-Cleaning Workers,Well,"Yes, speaks another language",27000,40,209
Two or More Races,Male,PRD-First-Line Supervisors Of Production And Operating Workers,N/A (less than 5 years old/speaks only English),"No, speaks only English",57000,48,403
Black or African American alone,Female,FIN-Accountants And Auditors,N/A (less than 5 years old/speaks only English),"No, speaks only English",50000,40,372
White alone,Male,PRT-Police Officers,N/A (less than 5 years old/speaks only English),"No, speaks only English",120000,65,501
White alone,Female,SAL-Retail Salespersons,Well,"Yes, speaks another language",5000,15,128
Black or African American alone,Female,TRN-Driver/Sales Workers And Truck Drivers,N/A (less than 5 years old/speaks only English),"No, speaks only English",40000,40,306
White alone,Female,"SAL-Sales And Related Workers, All Other",Very well,"Yes, speaks another language",28000,40,219
White alone,Male,CON-Carpenters,N/A (less than 5 years old/speaks only English),"No, speaks only English",14000,40,107
Some Other Race alone,Male,SAL-Retail Salespersons,Very well,"Yes, speaks another language",3000,7,66
White alone,Male,EDU-Elementary And Middle School Teachers,N/A (less than 5 years old/speaks only English),"No, speaks only English",70000,55,379
White alone,Female,EDU-Elementary And Middle School Teachers,N/A (less than 5 years old/speaks only English),"No, speaks only English",10000,15,147
White alone,Male,CON-Plasterers And Stucco Masons,Not well,"Yes, speaks another language",25000,40,152
Black or African American alone,Female,OFF-Customer Service Representatives,N/A (less than 5 years old/speaks only English),"No, speaks only English",8600,20,61
Asian alone,Female,FIN-Accountants And Auditors,Very well,"Yes, speaks another language",65000,40,501
Asian alone,Male,"CMM Computer Occupations, All Other",Very well,"Yes, speaks another language",30000,40,267
White alone,Female,EDU-Teaching Assistants,N/A (less than 5 years old/speaks only English),"No, speaks only English",8000,40,180
Asian alone,Female,MED-Registered Nurses,Very well,"Yes, speaks another language",246000,40,501
White alone,Female,MED-Pharmacy Technicians,N/A (less than 5 years old/speaks only English),"No, speaks only English",38000,40,296
White alone,Female,MED-Pharmacy Technicians,N/A (less than 5 years old/speaks only English),"No, speaks only English",30000,40,234
White alone,Female,"OFF-Secretaries And Administrative, Except Legal, Medical, And Executive",Very well,"Yes, speaks another language",47500,50,367
White alone,Female,"SAL-Sales Representatives, Wholesale And Manufacturing",N/A (less than 5 years old/speaks only English),"No, speaks only English",55000,40,353
White alone,Male,PRT-Crossing Guards And Flaggers,N/A (less than 5 years old/speaks only English),"No, speaks only English",50000,15,424
White alone,Male,"PRD-Cutting, Punching, And Press Machine Setters, Operators, And Tenders, Metal And Plastic",Not well,"Yes, speaks another language",43000,45,189
Black or African American alone,Female,"OFF-Bookkeeping, Accounting, And Auditing Clerks",N/A (less than 5 years old/speaks only English),"No, speaks only English",39000,40,156
White alone,Male,OFF-Couriers And Messengers,N/A (less than 5 years old/speaks only English),"No, speaks only English",33500,16,424
White alone,Male,ENT-Music Directors And Composers,N/A (less than 5 years old/speaks only English),"No, speaks only English",50000,40,501
White alone,Female,"OFF-Mail Clerks And Mail Machine Operators, Except Postal Service",Not well,"Yes, speaks another language",32000,40,157
Asian alone,Female,HLS-Personal Care Aides,Very well,"Yes, speaks another language",69800,44,501
Black or African American alone,Female,MGR-General And Operations Managers,N/A (less than 5 years old/speaks only English),"No, speaks only English",100000,40,501
Asian alone,Female,SAL-Travel Agents,Well,"Yes, speaks another language",55000,40,501
Black or African American alone,Female,PRT-Crossing Guards And Flaggers,N/A (less than 5 years old/speaks only English),"No, speaks only English",17300,10,135
White alone,Male,OFF-Customer Service Representatives,N/A (less than 5 years old/speaks only English),"No, speaks only English",20000,40,120
Some Other Race alone,Female,"OFF-Shipping, Receiving, And Traffic Clerks",Not at all,"Yes, speaks another language",37300,40,501
White alone,Female,"OFF-Secretaries And Administrative, Except Legal, Medical, And Executive",N/A (less than 5 years old/speaks only English),"No, speaks only English",27000,40,329
White alone,Female,SAL-First-Line Supervisors Of Retail Sales Workers,N/A (less than 5 years old/speaks only English),"No, speaks only English",29000,40,223
Black or African American alone,Male,"TRN-Laborers And Freight, Stock, And Material Movers, Hand",N/A (less than 5 years old/speaks only English),"No, speaks only English",40000,44,471
Some Other Race alone,Male,CON-Construction Laborers,Very well,"Yes, speaks another language",20000,36,423
White alone,Male,EAT-Chefs And Head Cooks,Well,"Yes, speaks another language",55000,55,458
Asian alone,Female,PRS-Childcare Workers,Well,"Yes, speaks another language",7000,6,440
White alone,Female,"ENG-Architects, Except Landscape And Naval",Very well,"Yes, speaks another language",85000,40,501
White alone,Male,EDU-Library Technicians,N/A (less than 5 years old/speaks only English),"No, speaks only English",12000,19,92
White alone,Female,"OFF-Secretaries And Administrative, Except Legal, Medical, And Executive",N/A (less than 5 years old/speaks only English),"No, speaks only English",2300,16,19
White alone,Male,"CMM Computer Occupations, All Other",Not well,"Yes, speaks another language",13200,40,412
Black or African American alone,Female,SAL-Retail Salespersons,N/A (less than 5 years old/speaks only English),"No, speaks only English",25400,40,217
Two or More Races,Male,"BUS-Business Operations Specialists, All Other",N/A (less than 5 years old/speaks only English),"No, speaks only English",58000,40,377
Asian alone,Male,"ENT-Disc Jockeys, Except Radio",Well,"Yes, speaks another language",35000,40,501
White alone,Female,"EAT-Hosts And Hostesses, Restaurant, Lounge, And Coffee Shop",Well,"Yes, speaks another language",10000,30,181
Asian alone,Female,"CMM Computer Occupations, All Other",Very well,"Yes, speaks another language",147000,40,501
White alone,Male,MGR-Human Resources Managers,Very well,"Yes, speaks another language",66000,55,287
White alone,Male,FIN-Tax Preparers,N/A (less than 5 years old/speaks only English),"No, speaks only English",30000,4,380
Black or African American alone,Male,TRN-Driver/Sales Workers And Truck Drivers,N/A (less than 5 years old/speaks only English),"No, speaks only English",38500,40,394
Some Other Race alone,Male,CLN-Landscaping And Groundskeeping Workers,Not well,"Yes, speaks another language",25000,45,195
Black or African American alone,Female,"PRD-Pressers, Textile, Garment, And Related Materials",N/A (less than 5 years old/speaks only English),"No, speaks only English",80000,48,498
White alone,Female,FIN-Accountants And Auditors,Very well,"Yes, speaks another language",32000,40,203
White alone,Male,MGR-General And Operations Managers,Very well,"Yes, speaks another language",75000,40,501
White alone,Male,FIN-Accountants And Auditors,N/A (less than 5 years old/speaks only English),"No, speaks only English",468000,50,501
White alone,Female,HLS-Nursing Assistants,N/A (less than 5 years old/speaks only English),"No, speaks only English",30440,37,235
White alone,Female,EDU-Postsecondary Teachers,N/A (less than 5 years old/speaks only English),"No, speaks only English",22800,20,190
White alone,Male,Off-First-Line Supervisors Of Office And Administrative Support Workers,N/A (less than 5 years old/speaks only English),"No, speaks only English",75000,52,382
White alone,Female,EDU-Special Education Teachers,N/A (less than 5 years old/speaks only English),"No, speaks only English",42000,50,287
American Indian alone,Female,"TRN-Packers And Packagers, Hand",N/A (less than 5 years old/speaks only English),"No, speaks only English",15600,50,142
White alone,Female,EAT-Cooks,Not at all,"Yes, speaks another language",20000,50,141
Some Other Race alone,Male,CON-Roofers,Not at all,"Yes, speaks another language",6000,45,46
Asian alone,Male,CMM-Software Developers,Very well,"Yes, speaks another language",100000,40,501
White alone,Male,TRN-Stockers And Order Fillers,Well,"Yes, speaks another language",2200,40,151
Black or African American alone,Male,EAT-Waiters And Waitresses,N/A (less than 5 years old/speaks only English),"No, speaks only English",9680,20,112
Asian alone,Male,"PRD-Electrical, Electronics, And Electromechanical Assemblers",Very well,"Yes, speaks another language",50000,53,501
White alone,Male,LGL-Paralegals And Legal Assistants,N/A (less than 5 years old/speaks only English),"No, speaks only English",468000,32,501
Black or African American alone,Male,SAL-Cashiers,N/A (less than 5 years old/speaks only English),"No, speaks only English",1200,40,354
Black or African American alone,Female,"OFF-Bookkeeping, Accounting, And Auditing Clerks",N/A (less than 5 years old/speaks only English),"No, speaks only English",81000,40,501
Some Other Race alone,Male,TRN-Driver/Sales Workers And Truck Drivers,Very well,"Yes, speaks another language",30000,40,368
Some Other Race alone,Female,MGR-Food Service Managers,Well,"Yes, speaks another language",23000,38,478
Two or More Races,Female,EDU-Elementary And Middle School Teachers,Very well,"Yes, speaks another language",8410,20,233
White alone,Male,PRD-Cutting Workers,Well,"Yes, speaks another language",30000,45,230
Black or African American alone,Male,MED-Psychiatric Technicians,N/A (less than 5 years old/speaks only English),"No, speaks only English",36400,36,283
Two or More Races,Male,SAL-Retail Salespersons,N/A (less than 5 years old/speaks only English),"No, speaks only English",16300,40,299
White alone,Male,"RPR-First-Line Supervisors Of Mechanics, Installers, And Repairers",Well,"Yes, speaks another language",47000,45,321
White alone,Male,"OFF-Production, Planning, And Expediting Clerks",N/A (less than 5 years old/speaks only English),"No, speaks only English",60000,50,501
White alone,Male,CMS-Clergy,Very well,"Yes, speaks another language",65000,50,501
White alone,Male,MGR-Construction Managers,N/A (less than 5 years old/speaks only English),"No, speaks only English",54000,40,501
White alone,Male,EDU-Elementary And Middle School Teachers,N/A (less than 5 years old/speaks only English),"No, speaks only English",52000,40,368
Black or African American alone,Female,OFF-Customer Service Representatives,N/A (less than 5 years old/speaks only English),"No, speaks only English",250,10,501
White alone,Female,OFF-Legal Secretaries And Administrative Assistants,N/A (less than 5 years old/speaks only English),"No, speaks only English",74500,38,442
White alone,Female,"PRS-Hairdressers, Hairstylists, And Cosmetologists",Well,"Yes, speaks another language",30000,50,283
Some Other Race alone,Male,MGR-Construction Managers,Not at all,"Yes, speaks another language",1000,48,8
White alone,Male,CLN-Landscaping And Groundskeeping Workers,Very well,"Yes, speaks another language",43900,46,187
White alone,Female,HLS-Medical Assistants,Very well,"Yes, speaks another language",32000,32,184
White alone,Male,BUS-Human Resources Workers,N/A (less than 5 years old/speaks only English),"No, speaks only English",38000,40,501
Some Other Race alone,Female,FIN-Personal Financial Advisors,N/A (less than 5 years old/speaks only English),"No, speaks only English",60000,50,236
White alone,Female,"SAL-Sales Representatives, Wholesale And Manufacturing",N/A (less than 5 years old/speaks only English),"No, speaks only English",20000,45,156
White alone,Female,HLS-Physical Therapist Assistants And Aides,N/A (less than 5 years old/speaks only English),"No, speaks only English",5000,40,242
Black or African American alone,Female,TRN-Taxi Drivers,N/A (less than 5 years old/speaks only English),"No, speaks only English",4000,32,364
White alone,Male,MGR-Financial Managers,N/A (less than 5 years old/speaks only English),"No, speaks only English",105000,45,501
White alone,Female,PRS-Childcare Workers,N/A (less than 5 years old/speaks only English),"No, speaks only English",1100,15,177
White alone,Male,CON-Electricians,N/A (less than 5 years old/speaks only English),"No, speaks only English",65000,50,501
Asian alone,Male,"CMM Computer Occupations, All Other",Very well,"Yes, speaks another language",60000,40,469
White alone,Male,CLN-First-Line Supervisors Of Housekeeping And Janitorial Workers,Not well,"Yes, speaks another language",30000,40,182
White alone,Female,MED-Registered Nurses,Very well,"Yes, speaks another language",62000,40,478
Some Other Race alone,Male,CLN-Landscaping And Groundskeeping Workers,Not at all,"Yes, speaks another language",12500,40,196
White alone,Female,"TRN-Packers And Packagers, Hand",Not well,"Yes, speaks another language",30000,40,118
White alone,Male,MGR-Training And Development Managers,N/A (less than 5 years old/speaks only English),"No, speaks only English",84300,40,501
White alone,Male,CON-First-Line Supervisors Of Construction Trades And Extraction Workers,N/A (less than 5 years old/speaks only English),"No, speaks only English",99000,60,501
White alone,Female,EDU-Teaching Assistants,N/A (less than 5 years old/speaks only English),"No, speaks only English",10000,25,381
Some Other Race alone,Male,CON-Carpenters,Not well,"Yes, speaks another language",40000,40,284
Black or African American alone,Male,TRN-Industrial Truck And Tractor Operators,N/A (less than 5 years old/speaks only English),"No, speaks only English",38000,40,450
White alone,Male,RPR-Automotive Service Technicians And Mechanics,Well,"Yes, speaks another language",40000,45,312
Asian alone,Male,PRD-Machinists,Very well,"Yes, speaks another language",39400,40,467
Black or African American alone,Male,PRS-Exercise Trainers And Group Fitness Instructors,N/A (less than 5 years old/speaks only English),"No, speaks only English",23000,20,270
White alone,Male,PRD-Printing Press Operators,N/A (less than 5 years old/speaks only English),"No, speaks only English",30000,40,240
White alone,Male,MGR-Construction Managers,Very well,"Yes, speaks another language",38000,50,151
White alone,Female,EAT-First-Line Supervisors Of Food Preparation And Serving Workers,N/A (less than 5 years old/speaks only English),"No, speaks only English",19400,40,499
Black or African American alone,Male,EAT-Waiters And Waitresses,N/A (less than 5 years old/speaks only English),"No, speaks only English",24000,35,68
White alone,Female,PRS-Recreation Workers,N/A (less than 5 years old/speaks only English),"No, speaks only English",25000,20,361
Black or African American alone,Male,SAL-First-Line Supervisors Of Retail Sales Workers,N/A (less than 5 years old/speaks only English),"No, speaks only English",57000,40,332
Asian alone,Male,PRS-Manicurists and Pedicurists,Not well,"Yes, speaks another language",14000,40,108
Asian alone,Male,MGR-Food Service Managers,Very well,"Yes, speaks another language",24000,40,387
Black or African American alone,Male,CMS-Probation Officers And Correctional Treatment Specialists,N/A (less than 5 years old/speaks only English),"No, speaks only English",43000,40,312
Black or African American alone,Female,SAL-Cashiers,Very well,"Yes, speaks another language",12000,7,213
White alone,Male,SAL-Retail Salespersons,Very well,"Yes, speaks another language",20000,40,155
White alone,Male,CLN-Landscaping And Groundskeeping Workers,N/A (less than 5 years old/speaks only English),"No, speaks only English",65000,45,380
Some Other Race alone,Male,TRN-Supervisors Of Transportation And Material Moving Workers,Very well,"Yes, speaks another language",30000,40,138
White alone,Female,"TRN-Laborers And Freight, Stock, And Material Movers, Hand",N/A (less than 5 years old/speaks only English),"No, speaks only English",45000,50,501
Asian alone,Male,SAL-Retail Salespersons,Not well,"Yes, speaks another language",62000,40,288
Black or African American alone,Female,OFF-Customer Service Representatives,N/A (less than 5 years old/speaks only English),"No, speaks only English",18100,40,501
White alone,Male,CON-First-Line Supervisors Of Construction Trades And Extraction Workers,Not well,"Yes, speaks another language",35000,40,244
White alone,Female,MGR-Education And Childcare Administrators,N/A (less than 5 years old/speaks only English),"No, speaks only English",57000,40,444
White alone,Male,MED-Physicians,N/A (less than 5 years old/speaks only English),"No, speaks only English",170030,80,501
White alone,Male,CON-Carpenters,Very well,"Yes, speaks another language",96000,40,288
Black or African American alone,Male,MGR-Financial Managers,N/A (less than 5 years old/speaks only English),"No, speaks only English",60000,40,446
Two or More Races,Male,"RPR-Heating, Air Conditioning, And Refrigeration Mechanics And Installers",Well,"Yes, speaks another language",30000,30,100
Black or African American alone,Female,EDU-Elementary And Middle School Teachers,N/A (less than 5 years old/speaks only English),"No, speaks only English",58000,40,450
White alone,Female,MED-Speech-Language Pathologists,N/A (less than 5 years old/speaks only English),"No, speaks only English",75000,40,501
Black or African American alone,Female,EDU-Elementary And Middle School Teachers,N/A (less than 5 years old/speaks only English),"No, speaks only English",52800,16,501
White alone,Female,MED-Registered Nurses,N/A (less than 5 years old/speaks only English),"No, speaks only English",30000,36,501
Asian alone,Male,MED-Pharmacy Technicians,Very well,"Yes, speaks another language",2500,10,111
Some Other Race alone,Male,CON-Construction Laborers,Not well,"Yes, speaks another language",48000,50,371
White alone,Male,EAT-Waiters And Waitresses,Very well,"Yes, speaks another language",2000,22,139
White alone,Female,MED-Occupational Therapists,N/A (less than 5 years old/speaks only English),"No, speaks only English",71000,40,501
Black or African American alone,Female,SAL-Retail Salespersons,N/A (less than 5 years old/speaks only English),"No, speaks only English",29000,40,223
Some Other Race alone,Male,CON-Carpenters,Not well,"Yes, speaks another language",36000,48,178
Black or African American alone,Female,CMS-Social Workers All Other,N/A (less than 5 years old/speaks only English),"No, speaks only English",24000,40,460
White alone,Male,CON-Construction Laborers,Not well,"Yes, speaks another language",25000,50,321
White alone,Female,OFF-Billing And Posting Clerks,N/A (less than 5 years old/speaks only English),"No, speaks only English",56100,45,471
Asian alone,Female,MED-Registered Nurses,Very well,"Yes, speaks another language",72000,40,501
White alone,Male,CON-Construction Laborers,N/A (less than 5 years old/speaks only English),"No, speaks only English",28000,50,168
Asian alone,Female,MED-Radiologic Technologists And Technicians,Very well,"Yes, speaks another language",2300,40,501
White alone,Male,CON-Electricians,N/A (less than 5 years old/speaks only English),"No, speaks only English",70000,50,501
Black or African American alone,Female,SAL-Retail Salespersons,N/A (less than 5 years old/speaks only English),"No, speaks only English",24390,37,144
White alone,Male,EAT-First-Line Supervisors Of Food Preparation And Serving Workers,Not well,"Yes, speaks another language",12000,40,86
White alone,Female,HLS-Massage Therapists,N/A (less than 5 years old/speaks only English),"No, speaks only English",66000,36,501
White alone,Male,"SAL-Door-To-Door Sales Workers, News And Street Vendors, And Related Workers",N/A (less than 5 years old/speaks only English),"No, speaks only English",25000,40,501
Black or African American alone,Male,CON-Rail-Track Laying And Maintenance Equipment Operators,Very well,"Yes, speaks another language",40000,50,313
White alone,Male,EAT-Waiters And Waitresses,N/A (less than 5 years old/speaks only English),"No, speaks only English",10000,30,77
White alone,Male,"CMM Computer Occupations, All Other",N/A (less than 5 years old/speaks only English),"No, speaks only English",49000,45,285
White alone,Male,OFF-Couriers And Messengers,N/A (less than 5 years old/speaks only English),"No, speaks only English",10700,35,82
Asian alone,Female,FIN-Accountants And Auditors,Well,"Yes, speaks another language",12000,40,180
White alone,Female,OFF-Customer Service Representatives,N/A (less than 5 years old/speaks only English),"No, speaks only English",22600,40,482
White alone,Male,MGR-Social And Community Service Managers,N/A (less than 5 years old/speaks only English),"No, speaks only English",80000,40,501
Black or African American alone,Female,PRT-School Bus Monitors,N/A (less than 5 years old/speaks only English),"No, speaks only English",10450,3,81
Asian alone,Male,TRN-Stockers And Order Fillers,Not well,"Yes, speaks another language",12000,40,150
White alone,Female,"OFF-Bookkeeping, Accounting, And Auditing Clerks",N/A (less than 5 years old/speaks only English),"No, speaks only English",50000,40,501
White alone,Female,EAT-Waiters And Waitresses,Very well,"Yes, speaks another language",12000,40,320
White alone,Male,TRN-Cleaners Of Vehicles And Equipment,Not well,"Yes, speaks another language",50000,40,386
White alone,Male,TRN-Driver/Sales Workers And Truck Drivers,N/A (less than 5 years old/speaks only English),"No, speaks only English",25000,40,396
White alone,Male,BUS-Market Research Analysts And Marketing Specialists,N/A (less than 5 years old/speaks only English),"No, speaks only English",10000,30,432
Some Other Race alone,Male,TRN-Driver/Sales Workers And Truck Drivers,Not well,"Yes, speaks another language",16500,40,253
White alone,Female,"OFF-Bookkeeping, Accounting, And Auditing Clerks",N/A (less than 5 years old/speaks only English),"No, speaks only English",54200,40,501
Black or African American alone,Female,"OFF-Shipping, Receiving, And Traffic Clerks",N/A (less than 5 years old/speaks only English),"No, speaks only English",29000,40,171
White alone,Male,CMM-Software Developers,Very well,"Yes, speaks another language",77000,40,390
White alone,Male,SAL-Retail Salespersons,Well,"Yes, speaks another language",40000,40,288
White alone,Female,MED-Miscellaneous Health Technologists And Technicians,N/A (less than 5 years old/speaks only English),"No, speaks only English",55000,40,501
Black or African American alone,Female,MGR-Social And Community Service Managers,N/A (less than 5 years old/speaks only English),"No, speaks only English",35000,55,394
Black or African American alone,Male,TRN-Driver/Sales Workers And Truck Drivers,N/A (less than 5 years old/speaks only English),"No, speaks only English",40000,40,347
White alone,Female,"BUS-Claims Adjusters, Appraisers, Examiners, And Investigators",N/A (less than 5 years old/speaks only English),"No, speaks only English",32000,40,487
White alone,Male,"ENT-Television, Video, And Motion Picture Camera Operators And Editors",N/A (less than 5 years old/speaks only English),"No, speaks only English",60000,40,461
Black or African American alone,Female,OFF-Loan Interviewers And Clerks,N/A (less than 5 years old/speaks only English),"No, speaks only English",40000,40,307
White alone,Female,OFF-Bill And Account Collectors,Well,"Yes, speaks another language",50000,40,501
White alone,Female,OFF-Customer Service Representatives,Very well,"Yes, speaks another language",16800,25,256
White alone,Male,CON-Carpenters,Very well,"Yes, speaks another language",30000,20,348
Asian alone,Male,"PRD-Inspectors, Testers, Sorters, Samplers, And Weighers",Well,"Yes, speaks another language",28000,40,348
Black or African American alone,Female,MGR-Financial Managers,N/A (less than 5 years old/speaks only English),"No, speaks only English",60000,45,467
Asian alone,Female,CMM-Computer Systems Analysts,Very well,"Yes, speaks another language",72000,40,501
White alone,Female,OFF-Legal Secretaries And Administrative Assistants,N/A (less than 5 years old/speaks only English),"No, speaks only English",19200,20,501
White alone,Male,"OFF-Credit Authorizers, Checkers, And Clerks",Very well,"Yes, speaks another language",32000,40,193
Black or African American alone,Male,PRT-Police Officers,N/A (less than 5 years old/speaks only English),"No, speaks only English",29000,40,501
White alone,Male,CMM-Software Developers,N/A (less than 5 years old/speaks only English),"No, speaks only English",132000,50,501
Asian alone,Female,PRS-Manicurists and Pedicurists,Not well,"Yes, speaks another language",40000,60,224
Asian alone,Male,"PRD-Inspectors, Testers, Sorters, Samplers, And Weighers",Very well,"Yes, speaks another language",49500,36,268
Some Other Race alone,Male,SAL-First-Line Supervisors Of Retail Sales Workers,Very well,"Yes, speaks another language",60000,40,369
White alone,Male,CON-Painters And Paperhangers,Not well,"Yes, speaks another language",10800,40,114
White alone,Male,CON-Construction Equipment Operators,Not well,"Yes, speaks another language",50000,40,279
White alone,Male,EAT-Waiters And Waitresses,N/A (less than 5 years old/speaks only English),"No, speaks only English",65000,45,501
Asian alone,Male,PRS-Manicurists and Pedicurists,Well,"Yes, speaks another language",12400,72,206
White alone,Male,MGR-Architectural And Engineering Managers,N/A (less than 5 years old/speaks only English),"No, speaks only English",176500,45,501
Asian alone,Male,EAT-Food Preparation Workers,Very well,"Yes, speaks another language",21200,40,501
White alone,Male,CON-Carpenters,Well,"Yes, speaks another language",28000,40,287
Black or African American alone,Female,MED-Registered Nurses,N/A (less than 5 years old/speaks only English),"No, speaks only English",70000,40,501
White alone,Female,MED-Optometrists,N/A (less than 5 years old/speaks only English),"No, speaks only English",40000,16,443
Black or African American alone,Male,TRN-Cleaners Of Vehicles And Equipment,N/A (less than 5 years old/speaks only English),"No, speaks only English",18400,25,501
White alone,Male,EDU-Secondary School Teachers,Very well,"Yes, speaks another language",65000,48,443
White alone,Female,"PRD-Inspectors, Testers, Sorters, Samplers, And Weighers",Well,"Yes, speaks another language",38600,40,298
Black or African American alone,Female,HLS-Pharmacy Aides,N/A (less than 5 years old/speaks only English),"No, speaks only English",25000,25,192
White alone,Female,"TRN-Packers And Packagers, Hand",Not well,"Yes, speaks another language",25000,40,150
Black or African American alone,Female,OFF-Customer Service Representatives,N/A (less than 5 years old/speaks only English),"No, speaks only English",33000,40,249
Asian alone,Male,SAL-Cashiers,Very well,"Yes, speaks another language",15000,40,116
White alone,Male,TRN-Driver/Sales Workers And Truck Drivers,Very well,"Yes, speaks another language",28000,40,196
White alone,Male,CLN-Landscaping And Groundskeeping Workers,Well,"Yes, speaks another language",48000,40,370
White alone,Male,"TRN-Laborers And Freight, Stock, And Material Movers, Hand",N/A (less than 5 years old/speaks only English),"No, speaks only English",25200,8,501
White alone,Male,SAL-First-Line Supervisors Of Non-Retail Sales Workers,N/A (less than 5 years old/speaks only English),"No, speaks only English",163000,40,501
White alone,Female,CLN-Maids And Housekeeping Cleaners,Not well,"Yes, speaks another language",6500,40,25
White alone,Male,PRD-Cabinetmakers And Bench Carpenters,Well,"Yes, speaks another language",26700,40,418
Asian alone,Male,CMM-Software Developers,Very well,"Yes, speaks another language",110000,45,436
White alone,Male,"RPR-Computer, Automated Teller, And Office Machine Repairers",N/A (less than 5 years old/speaks only English),"No, speaks only English",65000,60,501
Asian alone,Male,RPR-Automotive Service Technicians And Mechanics,Very well,"Yes, speaks another language",26000,40,279
Some Other Race alone,Female,Dental And Ophthalmic Laboratory Technicians And Medical Appliance Technicians,Very well,"Yes, speaks another language",28900,40,292
White alone,Female,OFF-Legal Secretaries And Administrative Assistants,N/A (less than 5 years old/speaks only English),"No, speaks only English",80000,40,479
White alone,Female,EDU-Postsecondary Teachers,N/A (less than 5 years old/speaks only English),"No, speaks only English",30000,25,501
White alone,Male,"OFF-Shipping, Receiving, And Traffic Clerks",N/A (less than 5 years old/speaks only English),"No, speaks only English",39000,36,262
Black or African American alone,Female,CMM-Computer Systems Analysts,N/A (less than 5 years old/speaks only English),"No, speaks only English",50000,40,255
White alone,Male,OFF-Customer Service Representatives,N/A (less than 5 years old/speaks only English),"No, speaks only English",14700,35,107
Black or African American alone,Female,EAT-Dining Room And Cafeteria Attendants And Bartender Helpers.,N/A (less than 5 years old/speaks only English),"No, speaks only English",400,8,501
Asian alone,Female,EAT-Waiters And Waitresses,N/A (less than 5 years old/speaks only English),"No, speaks only English",14000,20,390
Black or African American alone,Female,MED-Registered Nurses,Very well,"Yes, speaks another language",60000,40,387
Asian alone,Female,"OFF-Bookkeeping, Accounting, And Auditing Clerks",Not well,"Yes, speaks another language",54000,40,328
White alone,Male,CON-Roofers,Not well,"Yes, speaks another language",31000,40,198
Black or African American alone,Female,HLS-Personal Care Aides,Very well,"Yes, speaks another language",32000,40,232
White alone,Female,"ENT-News Analysts, Reporters, And Journalists",N/A (less than 5 years old/speaks only English),"No, speaks only English",43900,37,501
Black or African American alone,Female,MED-Registered Nurses,N/A (less than 5 years old/speaks only English),"No, speaks only English",75000,24,501
White alone,Male,MGR-Human Resources Managers,Very well,"Yes, speaks another language",468000,52,501
Black or African American alone,Female,MED-Licensed Practical And Licensed Vocational Nurses,N/A (less than 5 years old/speaks only English),"No, speaks only English",30800,20,501
White alone,Male,"CMM Computer Occupations, All Other",N/A (less than 5 years old/speaks only English),"No, speaks only English",50000,40,446
White alone,Female,TRN-Stockers And Order Fillers,Very well,"Yes, speaks another language",5000,40,152
Black or African American alone,Female,"CMM Computer Occupations, All Other",N/A (less than 5 years old/speaks only English),"No, speaks only English",87000,44,501
Black or African American alone,Male,TRN-Industrial Truck And Tractor Operators,N/A (less than 5 years old/speaks only English),"No, speaks only English",15000,40,115
White alone,Female,HLS-Personal Care Aides,N/A (less than 5 years old/speaks only English),"No, speaks only English",1000,23,121
Black or African American alone,Female,"BUS-Claims Adjusters, Appraisers, Examiners, And Investigators",N/A (less than 5 years old/speaks only English),"No, speaks only English",48000,50,373
White alone,Male,CMS-Substance Abuse And Behavioral Disorder Counselors,N/A (less than 5 years old/speaks only English),"No, speaks only English",40000,40,501
Black or African American alone,Male,ENT-Graphic Designers,N/A (less than 5 years old/speaks only English),"No, speaks only English",79000,40,501
White alone,Male,CON-Carpenters,Very well,"Yes, speaks another language",35000,40,176
Some Other Race alone,Male,ENT-Photographers,Very well,"Yes, speaks another language",25000,55,296
White alone,Male,BUS-Human Resources Workers,Very well,"Yes, speaks another language",68000,40,442
Asian alone,Female,PRS-Manicurists and Pedicurists,Very well,"Yes, speaks another language",20000,40,116
Asian alone,Female,CMM-Computer Systems Analysts,Very well,"Yes, speaks another language",46500,40,308
Asian alone,Female,EDU-Elementary And Middle School Teachers,Very well,"Yes, speaks another language",54000,40,501
White alone,Female,EDU-Postsecondary Teachers,N/A (less than 5 years old/speaks only English),"No, speaks only English",22000,15,501
Black or African American alone,Female,HLS-Personal Care Aides,N/A (less than 5 years old/speaks only English),"No, speaks only English",37500,40,290
Some Other Race alone,Female,CLN-Maids And Housekeeping Cleaners,Not well,"Yes, speaks another language",27800,40,214
White alone,Female,HLS-Home Health Aides,Not at all,"Yes, speaks another language",11000,27,202
White alone,Male,TRN-Stockers And Order Fillers,Not well,"Yes, speaks another language",42800,40,169
White alone,Male,"ENT-Umpires, Referees, And Other Sports Officials",N/A (less than 5 years old/speaks only English),"No, speaks only English",12000,10,259
White alone,Female,TRN-Stockers And Order Fillers,N/A (less than 5 years old/speaks only English),"No, speaks only English",15000,40,240
White alone,Male,CLN-Maids And Housekeeping Cleaners,N/A (less than 5 years old/speaks only English),"No, speaks only English",15700,8,501
Black or African American alone,Female,MED-Speech-Language Pathologists,N/A (less than 5 years old/speaks only English),"No, speaks only English",80000,40,501
Black or African American alone,Male,TRN-Driver/Sales Workers And Truck Drivers,N/A (less than 5 years old/speaks only English),"No, speaks only English",61000,50,356
Asian alone,Male,CMM-Computer Programmers,Very well,"Yes, speaks another language",90000,40,357
Some Other Race alone,Male,"PRD-Molders, Shapers, And Casters, Except Metal And Plastic",Not at all,"Yes, speaks another language",10000,40,77
White alone,Male,MGR-General And Operations Managers,Well,"Yes, speaks another language",130000,50,501
White alone,Male,PRT-Security Guards And Gaming Surveillance Officers,N/A (less than 5 years old/speaks only English),"No, speaks only English",33200,24,365
Black or African American alone,Male,TRN-Driver/Sales Workers And Truck Drivers,Very well,"Yes, speaks another language",70000,40,501
White alone,Male,FIN-Personal Financial Advisors,N/A (less than 5 years old/speaks only English),"No, speaks only English",468000,60,501
White alone,Female,FIN-Accountants And Auditors,N/A (less than 5 years old/speaks only English),"No, speaks only English",20000,25,501
White alone,Male,TRN-Parking Lot Attendants,Very well,"Yes, speaks another language",30400,52,350
Black or African American alone,Male,EAT-Chefs And Head Cooks,N/A (less than 5 years old/speaks only English),"No, speaks only English",10000,30,251
Black or African American alone,Male,TRN-Driver/Sales Workers And Truck Drivers,N/A (less than 5 years old/speaks only English),"No, speaks only English",32000,50,250
Some Other Race alone,Female,"PRD-Butchers And Other Meat, Poultry, And Fish Processing Workers",Not well,"Yes, speaks another language",20000,45,233
White alone,Male,BUS-Project Management Specialists,N/A (less than 5 years old/speaks only English),"No, speaks only English",52000,48,501
Black or African American alone,Female,MED-Registered Nurses,N/A (less than 5 years old/speaks only English),"No, speaks only English",61000,40,337
Black or African American alone,Female,SAL-First-Line Supervisors Of Retail Sales Workers,N/A (less than 5 years old/speaks only English),"No, speaks only English",23000,40,244
Black or African American alone,Female,EDU-Tutors,N/A (less than 5 years old/speaks only English),"No, speaks only English",60000,40,501
Black or African American alone,Female,SAL-Retail Salespersons,N/A (less than 5 years old/speaks only English),"No, speaks only English",9000,20,293
White alone,Female,EDU-Teaching Assistants,Very well,"Yes, speaks another language",27300,40,398
Black or African American alone,Male,"TRN-Laborers And Freight, Stock, And Material Movers, Hand",N/A (less than 5 years old/speaks only English),"No, speaks only English",10000,20,302
Asian alone,Male,TRN-Taxi Drivers,Very well,"Yes, speaks another language",20000,36,156
White alone,Female,SAL-Real Estate Brokers And Sales Agents,N/A (less than 5 years old/speaks only English),"No, speaks only English",5000,50,38
White alone,Male,MGR-Financial Managers,N/A (less than 5 years old/speaks only English),"No, speaks only English",72000,55,246
White alone,Female,ENT-Court Reporters And Simultaneous Captioners,N/A (less than 5 years old/speaks only English),"No, speaks only English",80000,40,501
Black or African American alone,Male,TRN-Stockers And Order Fillers,N/A (less than 5 years old/speaks only English),"No, speaks only English",60000,60,347
White alone,Female,"CMS-Directors, Religious Activities And Education",N/A (less than 5 years old/speaks only English),"No, speaks only English",30000,35,358
Two or More Races,Female,HLS-Nursing Assistants,Well,"Yes, speaks another language",42000,40,435
White alone,Female,"OFF-Secretaries And Administrative, Except Legal, Medical, And Executive",N/A (less than 5 years old/speaks only English),"No, speaks only English",13000,20,385
White alone,Female,PRS-Exercise Trainers And Group Fitness Instructors,N/A (less than 5 years old/speaks only English),"No, speaks only English",20000,29,501
Asian alone,Male,EAT-Food Preparation Workers,Well,"Yes, speaks another language",12000,40,376
White alone,Male,MGR-General And Operations Managers,Very well,"Yes, speaks another language",65000,40,253
Black or African American alone,Male,TRN-Driver/Sales Workers And Truck Drivers,N/A (less than 5 years old/speaks only English),"No, speaks only English",95000,40,501
White alone,Female,"OFF-Secretaries And Administrative, Except Legal, Medical, And Executive",N/A (less than 5 years old/speaks only English),"No, speaks only English",8500,22,470
Black or African American alone,Female,CMM-Network And Computer Systems Administrators,Not at all,"Yes, speaks another language",37000,42,469
White alone,Female,"OFF-Secretaries And Administrative, Except Legal, Medical, And Executive",Very well,"Yes, speaks another language",9100,12,402
White alone,Female,"CMM Computer Occupations, All Other",Very well,"Yes, speaks another language",48000,80,242
Black or African American alone,Male,BUS-Market Research Analysts And Marketing Specialists,N/A (less than 5 years old/speaks only English),"No, speaks only English",8300,30,162
White alone,Male,MGR-Food Service Managers,N/A (less than 5 years old/speaks only English),"No, speaks only English",31000,40,237
White alone,Male,"SAL-Sales And Related Workers, All Other",N/A (less than 5 years old/speaks only English),"No, speaks only English",15400,35,118
White alone,Female,"EAT-Food Servers, Nonrestaurant",Well,"Yes, speaks another language",7000,14,425
White alone,Male,MGR-Human Resources Managers,N/A (less than 5 years old/speaks only English),"No, speaks only English",55000,40,501
Asian alone,Male,EAT-Food Preparation Workers,Well,"Yes, speaks another language",23100,55,178
Asian alone,Male,CMM-Computer Support Specialists,Very well,"Yes, speaks another language",71000,40,432
White alone,Male,CON-Carpenters,Very well,"Yes, speaks another language",45000,50,152
White alone,Female,OFF-Customer Service Representatives,N/A (less than 5 years old/speaks only English),"No, speaks only English",30000,40,363
White alone,Male,TRN-Stockers And Order Fillers,N/A (less than 5 years old/speaks only English),"No, speaks only English",18000,40,317
White alone,Female,"CMM Computer Occupations, All Other",Very well,"Yes, speaks another language",50000,60,171
White alone,Male,ENG-Materials Engineers,N/A (less than 5 years old/speaks only English),"No, speaks only English",66500,60,501
Black or African American alone,Female,"TRN-Packers And Packagers, Hand",N/A (less than 5 years old/speaks only English),"No, speaks only English",24000,40,139
Black or African American alone,Male,TRN-Driver/Sales Workers And Truck Drivers,N/A (less than 5 years old/speaks only English),"No, speaks only English",60000,60,492
White alone,Male,"PRT-Miscellaneous First-Line Supervisors, Protective Service Workers",Very well,"Yes, speaks another language",90000,45,297
White alone,Male,RPR-Automotive Service Technicians And Mechanics,N/A (less than 5 years old/speaks only English),"No, speaks only English",45000,50,501
Asian alone,Male,MED-Pharmacists,N/A (less than 5 years old/speaks only English),"No, speaks only English",110000,50,501
