COW_label,HHL_label,ENG_label,FS_label,PINCP,WKHP,POVPIP
"Employee of a private for-profit company or business, or of an individual, for wages, salary, or commissions",Spanish,Well,No,30000,40,118
"Employee of a private for-profit company or business, or of an individual, for wages, salary, or commissions",English only,N/A (less than 5 years old/speaks only English),No,17000,40,378
"Employee of a private for-profit company or business, or of an individual, for wages, salary, or commissions",English only,N/A (less than 5 years old/speaks only English),No,50000,40,472
"Employee of a private for-profit company or business, or of an individual, for wages, salary, or commissions",English only,N/A (less than 5 years old/speaks only English),No,20000,40,113
"Local government employee (city, county, etc.)",Spanish,Very well,No,18300,40,404
"Employee of a private for-profit company or business, or of an individual, for wages, salary, or commissions",Other Indo-European languages,N/A (less than 5 years old/speaks only English),No,49100,10,501
"Employee of a private for-profit company or business, or of an individual, for wages, salary, or commissions",English only,N/A (less than 5 years old/speaks only English),No,160000,55,501
"Employee of a private not-for-profit, tax-exempt, or charitable organization",Spanish,Well,No,60000,50,240
"Self-employed in own not incorporated business, professional practice, or farm",English only,N/A (less than 5 years old/speaks only English),No,18100,1,501
"Employee of a private for-profit company or business, or of an individual, for wages, salary, or commissions",English only,N/A (less than 5 years old/speaks only English),No,85000,48,501
"Local government employee (city, county, etc.)",English only,N/A (less than 5 years old/speaks only English),Yes,70000,57,501
"Employee of a private for-profit company or business, or of an individual, for wages, salary, or commissions",Spanish,Very well,No,10000,40,241
"Self-employed in own incorporated business, professional practice or farm",Asian and Pacific Island languages,Not at all,No,20000,40,241
State government employee,Spanish,N/A (less than 5 years old/speaks only English),No,59700,48,363
"Employee of a private for-profit company or business, or of an individual, for wages, salary, or commissions",English only,N/A (less than 5 years old/speaks only English),No,60300,36,501
"Local government employee (city, county, etc.)",Spanish,Not well,No,15000,40,150
"Local government employee (city, county, etc.)",Spanish,Very well,No,12000,20,264
"Employee of a private not-for-profit, tax-exempt, or charitable organization",English only,N/A (less than 5 years old/speaks only English),No,64000,45,501
"Employee of a private for-profit company or business, or of an individual, for wages, salary, or commissions",English only,N/A (less than 5 years old/speaks only English),No,2000,18,486
"Employee of a private for-profit company or business, or of an individual, for wages, salary, or commissions",English only,N/A (less than 5 years old/speaks only English),No,145000,50,501
"Employee of a private for-profit company or business, or of an individual, for wages, salary, or commissions",English only,N/A (less than 5 years old/speaks only English),No,165000,60,501
"Employee of a private for-profit company or business, or of an individual, for wages, salary, or commissions",English only,N/A (less than 5 years old/speaks only English),No,67000,44,501
"Local government employee (city, county, etc.)",English only,N/A (less than 5 years old/speaks only English),No,54000,60,501
"Local government employee (city, county, etc.)",English only,N/A (less than 5 years old/speaks only English),No,77000,45,501
"Employee of a private for-profit company or business, or of an individual, for wages, salary, or commissions",Spanish,Very well,Yes,5100,16,228
"Employee of a private for-profit company or business, or of an individual, for wages, salary, or commissions",Spanish,Very well,No,50000,40,289
"Employee of a private for-profit company or business, or of an individual, for wages, salary, or commissions",Spanish,Not well,Yes,3400,17,236
State government employee,Other language,Very well,No,48000,40,320
"Employee of a private for-profit company or business, or of an individual, for wages, salary, or commissions",English only,N/A (less than 5 years old/speaks only English),No,120000,40,501
"Employee of a private for-profit company or business, or of an individual, for wages, salary, or commissions",English only,N/A (less than 5 years old/speaks only English),No,80000,40,501
"Employee of a private for-profit company or business, or of an individual, for wages, salary, or commissions",Spanish,Very well,No,25000,50,501
"Employee of a private for-profit company or business, or of an individual, for wages, salary, or commissions",Asian and Pacific Island languages,N/A (less than 5 years old/speaks only English),No,50000,40,389
"Employee of a private for-profit company or business, or of an individual, for wages, salary, or commissions",English only,N/A (less than 5 years old/speaks only English),No,46000,70,501
"Employee of a private for-profit company or business, or of an individual, for wages, salary, or commissions",Spanish,Very well,No,24000,40,501
"Employee of a private for-profit company or business, or of an individual, for wages, salary, or commissions",Asian and Pacific Island languages,Very well,No,100300,40,501
"Self-employed in own incorporated business, professional practice or farm",English only,N/A (less than 5 years old/speaks only English),No,61000,28,501
"Employee of a private for-profit company or business, or of an individual, for wages, salary, or commissions",English only,N/A (less than 5 years old/speaks only English),No,29000,20,501
"Self-employed in own not incorporated business, professional practice, or farm",Spanish,Not well,No,26000,40,238
"Employee of a private not-for-profit, tax-exempt, or charitable organization",English only,N/A (less than 5 years old/speaks only English),No,15000,20,501
"Employee of a private for-profit company or business, or of an individual, for wages, salary, or commissions",English only,N/A (less than 5 years old/speaks only English),No,27500,40,330
"Local government employee (city, county, etc.)",English only,N/A (less than 5 years old/speaks only English),No,94000,50,501
"Employee of a private for-profit company or business, or of an individual, for wages, salary, or commissions",Spanish,Very well,No,12300,1,204
"Employee of a private for-profit company or business, or of an individual, for wages, salary, or commissions",Other Indo-European languages,Very well,No,131000,40,447
Federal government employee,English only,N/A (less than 5 years old/speaks only English),No,60000,40,470
"Employee of a private for-profit company or business, or of an individual, for wages, salary, or commissions",Spanish,Not well,No,28000,40,281
"Employee of a private not-for-profit, tax-exempt, or charitable organization",Spanish,Very well,No,20200,40,501
"Local government employee (city, county, etc.)",English only,N/A (less than 5 years old/speaks only English),No,52000,40,501
"Employee of a private for-profit company or business, or of an individual, for wages, salary, or commissions",Spanish,Not well,Yes,20800,42,105
"Employee of a private for-profit company or business, or of an individual, for wages, salary, or commissions",Spanish,Very well,No,38300,16,318
"Employee of a private for-profit company or business, or of an individual, for wages, salary, or commissions",Spanish,Very well,No,85000,40,501
"Employee of a private for-profit company or business, or of an individual, for wages, salary, or commissions",English only,N/A (less than 5 years old/speaks only English),No,92000,42,501
"Employee of a private for-profit company or business, or of an individual, for wages, salary, or commissions",English only,N/A (less than 5 years old/speaks only English),Yes,400,16,124
"Employee of a private for-profit company or business, or of an individual, for wages, salary, or commissions",English only,N/A (less than 5 years old/speaks only English),No,93600,50,501
"Employee of a private for-profit company or business, or of an individual, for wages, salary, or commissions",English only,N/A (less than 5 years old/speaks only English),Yes,32000,45,372
State government employee,Spanish,Very well,Yes,30000,38,472
"Local government employee (city, county, etc.)",English only,N/A (less than 5 years old/speaks only English),No,20000,40,501
"Self-employed in own not incorporated business, professional practice, or farm",Spanish,Well,Yes,30000,30,94
"Employee of a private for-profit company or business, or of an individual, for wages, salary, or commissions",Asian and Pacific Island languages,Very well,No,138100,40,501
"Employee of a private for-profit company or business, or of an individual, for wages, salary, or commissions",English only,N/A (less than 5 years old/speaks only English),No,42000,45,328
"Employee of a private for-profit company or business, or of an individual, for wages, salary, or commissions",Spanish,Very well,No,80000,30,501
"Employee of a private for-profit company or business, or of an individual, for wages, salary, or commissions",English only,N/A (less than 5 years old/speaks only English),No,6300,40,49
"Employee of a private for-profit company or business, or of an individual, for wages, salary, or commissions",Spanish,Very well,No,2200,20,216
"Employee of a private for-profit company or business, or of an individual, for wages, salary, or commissions",English only,N/A (less than 5 years old/speaks only English),No,600,3,501
"Self-employed in own not incorporated business, professional practice, or farm",English only,N/A (less than 5 years old/speaks only English),No,7000,30,54
"Employee of a private for-profit company or business, or of an individual, for wages, salary, or commissions",Spanish,Very well,No,36000,40,164
"Employee of a private for-profit company or business, or of an individual, for wages, salary, or commissions",Asian and Pacific Island languages,Very well,No,23500,40,501
"Self-employed in own incorporated business, professional practice or farm",English only,N/A (less than 5 years old/speaks only English),No,156000,45,501
"Employee of a private for-profit company or business, or of an individual, for wages, salary, or commissions",English only,N/A (less than 5 years old/speaks only English),No,30000,40,501
"Local government employee (city, county, etc.)",English only,N/A (less than 5 years old/speaks only English),No,33700,8,383
"Employee of a private for-profit company or business, or of an individual, for wages, salary, or commissions",Spanish,Very well,No,33000,40,273
"Employee of a private for-profit company or business, or of an individual, for wages, salary, or commissions",English only,N/A (less than 5 years old/speaks only English),No,37600,40,330
"Employee of a private for-profit company or business, or of an individual, for wages, salary, or commissions",Spanish,Very well,No,45000,40,438
"Employee of a private not-for-profit, tax-exempt, or charitable organization",English only,N/A (less than 5 years old/speaks only English),No,36000,40,446
"Employee of a private for-profit company or business, or of an individual, for wages, salary, or commissions",Spanish,Not well,No,30800,57,172
"Employee of a private for-profit company or business, or of an individual, for wages, salary, or commissions",English only,N/A (less than 5 years old/speaks only English),No,45000,70,485
"Employee of a private for-profit company or business, or of an individual, for wages, salary, or commissions",Spanish,Very well,No,11500,50,230
"Employee of a private for-profit company or business, or of an individual, for wages, salary, or commissions",Spanish,Very well,No,43000,44,282
"Employee of a private for-profit company or business, or of an individual, for wages, salary, or commissions",Spanish,Not well,No,69000,40,501
"Self-employed in own not incorporated business, professional practice, or farm",Spanish,Not well,No,35000,40,150
"Employee of a private for-profit company or business, or of an individual, for wages, salary, or commissions",English only,N/A (less than 5 years old/speaks only English),No,35000,40,501
"Employee of a private for-profit company or business, or of an individual, for wages, salary, or commissions",Asian and Pacific Island languages,Very well,No,70000,40,476
"Employee of a private for-profit company or business, or of an individual, for wages, salary, or commissions",Asian and Pacific Island languages,Very well,No,1600,20,477
"Employee of a private for-profit company or business, or of an individual, for wages, salary, or commissions",English only,N/A (less than 5 years old/speaks only English),No,48000,32,501
"Self-employed in own not incorporated business, professional practice, or farm",English only,N/A (less than 5 years old/speaks only English),No,17000,40,501
"Employee of a private not-for-profit, tax-exempt, or charitable organization",English only,N/A (less than 5 years old/speaks only English),No,57200,25,501
"Employee of a private for-profit company or business, or of an individual, for wages, salary, or commissions",English only,N/A (less than 5 years old/speaks only English),No,3000,30,440
"Employee of a private for-profit company or business, or of an individual, for wages, salary, or commissions",English only,N/A (less than 5 years old/speaks only English),No,50000,50,491
"Employee of a private for-profit company or business, or of an individual, for wages, salary, or commissions",English only,N/A (less than 5 years old/speaks only English),Yes,12000,35,171
"Employee of a private for-profit company or business, or of an individual, for wages, salary, or commissions",English only,N/A (less than 5 years old/speaks only English),No,5800,10,461
"Employee of a private for-profit company or business, or of an individual, for wages, salary, or commissions",English only,N/A (less than 5 years old/speaks only English),No,147300,40,501
"Employee of a private for-profit company or business, or of an individual, for wages, salary, or commissions",Other language,Very well,No,38000,40,457
"Local government employee (city, county, etc.)",Spanish,Very well,No,41800,40,455
"Employee of a private for-profit company or business, or of an individual, for wages, salary, or commissions",English only,N/A (less than 5 years old/speaks only English),No,70000,40,501
"Employee of a private for-profit company or business, or of an individual, for wages, salary, or commissions",Other Indo-European languages,N/A (less than 5 years old/speaks only English),No,4000,25,465
"Self-employed in own not incorporated business, professional practice, or farm",English only,N/A (less than 5 years old/speaks only English),Yes,12000,40,501
"Employee of a private for-profit company or business, or of an individual, for wages, salary, or commissions",Spanish,Very well,No,56000,40,310
"Employee of a private for-profit company or business, or of an individual, for wages, salary, or commissions",Other language,N/A (less than 5 years old/speaks only English),No,13100,35,156
"Employee of a private for-profit company or business, or of an individual, for wages, salary, or commissions",Spanish,Very well,No,52000,40,402
"Employee of a private for-profit company or business, or of an individual, for wages, salary, or commissions",English only,N/A (less than 5 years old/speaks only English),No,2600,20,66
"Self-employed in own not incorporated business, professional practice, or farm",English only,N/A (less than 5 years old/speaks only English),Yes,8000,4,31
"Employee of a private for-profit company or business, or of an individual, for wages, salary, or commissions",Spanish,Very well,No,40000,40,441
"Local government employee (city, county, etc.)",Spanish,Very well,No,800,40,226
"Employee of a private for-profit company or business, or of an individual, for wages, salary, or commissions",Spanish,N/A (less than 5 years old/speaks only English),No,40000,50,310
"Employee of a private for-profit company or business, or of an individual, for wages, salary, or commissions",Spanish,Well,No,40000,50,264
"Employee of a private for-profit company or business, or of an individual, for wages, salary, or commissions",English only,N/A (less than 5 years old/speaks only English),No,3500,24,432
"Employee of a private for-profit company or business, or of an individual, for wages, salary, or commissions",English only,N/A (less than 5 years old/speaks only English),No,79500,40,501
"Local government employee (city, county, etc.)",English only,N/A (less than 5 years old/speaks only English),No,30900,40,501
"Employee of a private for-profit company or business, or of an individual, for wages, salary, or commissions",English only,N/A (less than 5 years old/speaks only English),No,54000,48,476
"Employee of a private for-profit company or business, or of an individual, for wages, salary, or commissions",English only,N/A (less than 5 years old/speaks only English),No,18000,40,275
"Employee of a private not-for-profit, tax-exempt, or charitable organization",English only,N/A (less than 5 years old/speaks only English),No,97500,60,501
"Employee of a private for-profit company or business, or of an individual, for wages, salary, or commissions",Spanish,Not well,No,33600,45,323
"Employee of a private for-profit company or business, or of an individual, for wages, salary, or commissions",Spanish,Very well,No,16000,30,501
"Employee of a private for-profit company or business, or of an individual, for wages, salary, or commissions",Spanish,Well,No,60000,40,501
"Employee of a private for-profit company or business, or of an individual, for wages, salary, or commissions",Spanish,Very well,No,21600,30,248
"Employee of a private for-profit company or business, or of an individual, for wages, salary, or commissions",English only,N/A (less than 5 years old/speaks only English),No,16300,40,304
"Employee of a private for-profit company or business, or of an individual, for wages, salary, or commissions",Spanish,Well,No,14000,40,208
"Employee of a private for-profit company or business, or of an individual, for wages, salary, or commissions",English only,N/A (less than 5 years old/speaks only English),No,131300,40,501
"Employee of a private for-profit company or business, or of an individual, for wages, salary, or commissions",Spanish,N/A (less than 5 years old/speaks only English),No,2600,5,387
"Local government employee (city, county, etc.)",English only,N/A (less than 5 years old/speaks only English),No,52000,40,434
"Employee of a private for-profit company or business, or of an individual, for wages, salary, or commissions",Other language,N/A (less than 5 years old/speaks only English),No,52000,45,458
"Self-employed in own not incorporated business, professional practice, or farm",Spanish,Very well,Yes,12000,25,71
"Local government employee (city, county, etc.)",English only,N/A (less than 5 years old/speaks only English),No,66200,52,501
"Employee of a private not-for-profit, tax-exempt, or charitable organization",English only,N/A (less than 5 years old/speaks only English),No,33000,40,469
"Employee of a private for-profit company or business, or of an individual, for wages, salary, or commissions",Other Indo-European languages,Well,No,26000,40,446
"Employee of a private for-profit company or business, or of an individual, for wages, salary, or commissions",English only,N/A (less than 5 years old/speaks only English),No,37000,79,450
"Employee of a private for-profit company or business, or of an individual, for wages, salary, or commissions",Spanish,Very well,No,31400,60,333
"Employee of a private for-profit company or business, or of an individual, for wages, salary, or commissions",Spanish,Well,No,6300,20,182
"Self-employed in own incorporated business, professional practice or farm",English only,N/A (less than 5 years old/speaks only English),No,24000,50,204
"Employee of a private not-for-profit, tax-exempt, or charitable organization",Spanish,N/A (less than 5 years old/speaks only English),No,3500,9,87
"Self-employed in own incorporated business, professional practice or farm",English only,N/A (less than 5 years old/speaks only English),No,35000,35,501
"Employee of a private for-profit company or business, or of an individual, for wages, salary, or commissions",Spanish,Well,Yes,30000,40,428
"Employee of a private for-profit company or business, or of an individual, for wages, salary, or commissions",Asian and Pacific Island languages,Very well,No,80000,40,501
"Employee of a private not-for-profit, tax-exempt, or charitable organization",English only,N/A (less than 5 years old/speaks only English),No,105000,50,501
"Employee of a private not-for-profit, tax-exempt, or charitable organization",English only,N/A (less than 5 years old/speaks only English),No,58700,55,501
"Employee of a private for-profit company or business, or of an individual, for wages, salary, or commissions",Spanish,Very well,No,14500,35,200
"Employee of a private for-profit company or business, or of an individual, for wages, salary, or commissions",Other language,Very well,No,84000,30,501
"Employee of a private for-profit company or business, or of an individual, for wages, salary, or commissions",Spanish,Well,No,66000,40,332
"Employee of a private for-profit company or business, or of an individual, for wages, salary, or commissions",English only,N/A (less than 5 years old/speaks only English),No,7000,40,158
"Employee of a private for-profit company or business, or of an individual, for wages, salary, or commissions",English only,N/A (less than 5 years old/speaks only English),No,166000,60,501
"Self-employed in own not incorporated business, professional practice, or farm",English only,N/A (less than 5 years old/speaks only English),No,100000,50,501
"Employee of a private for-profit company or business, or of an individual, for wages, salary, or commissions",English only,N/A (less than 5 years old/speaks only English),No,68600,50,501
"Employee of a private for-profit company or business, or of an individual, for wages, salary, or commissions",Other Indo-European languages,Very well,No,70000,40,278
"Employee of a private for-profit company or business, or of an individual, for wages, salary, or commissions",English only,N/A (less than 5 years old/speaks only English),No,33000,40,291
"Employee of a private for-profit company or business, or of an individual, for wages, salary, or commissions",English only,N/A (less than 5 years old/speaks only English),Yes,70000,50,501
"Employee of a private for-profit company or business, or of an individual, for wages, salary, or commissions",English only,N/A (less than 5 years old/speaks only English),No,11000,28,307
"Local government employee (city, county, etc.)",English only,N/A (less than 5 years old/speaks only English),No,88200,45,501
"Employee of a private for-profit company or business, or of an individual, for wages, salary, or commissions",English only,N/A (less than 5 years old/speaks only English),No,25000,30,441
"Employee of a private for-profit company or business, or of an individual, for wages, salary, or commissions",English only,N/A (less than 5 years old/speaks only English),No,49400,50,473
"Employee of a private for-profit company or business, or of an individual, for wages, salary, or commissions",Spanish,Well,No,55000,50,455
"Employee of a private for-profit company or business, or of an individual, for wages, salary, or commissions",English only,N/A (less than 5 years old/speaks only English),No,19820,10,167
"Employee of a private not-for-profit, tax-exempt, or charitable organization",Other language,Very well,No,27400,28,501
"Local government employee (city, county, etc.)",English only,N/A (less than 5 years old/speaks only English),No,18400,35,141
"Local government employee (city, county, etc.)",Spanish,Not well,Yes,31200,53,206
"Self-employed in own incorporated business, professional practice or farm",English only,N/A (less than 5 years old/speaks only English),No,53000,4,442
"Employee of a private for-profit company or business, or of an individual, for wages, salary, or commissions",English only,N/A (less than 5 years old/speaks only English),No,24100,50,142
"Employee of a private for-profit company or business, or of an individual, for wages, salary, or commissions",Asian and Pacific Island languages,Well,No,6500,40,100
"Employee of a private for-profit company or business, or of an individual, for wages, salary, or commissions",English only,N/A (less than 5 years old/speaks only English),No,40000,40,501
"Employee of a private for-profit company or business, or of an individual, for wages, salary, or commissions",English only,N/A (less than 5 years old/speaks only English),No,185000,40,501
"Employee of a private for-profit company or business, or of an individual, for wages, salary, or commissions",English only,N/A (less than 5 years old/speaks only English),No,50000,40,501
"Employee of a private for-profit company or business, or of an individual, for wages, salary, or commissions",English only,N/A (less than 5 years old/speaks only English),No,40000,40,501
"Employee of a private for-profit company or business, or of an individual, for wages, salary, or commissions",English only,N/A (less than 5 years old/speaks only English),No,77000,45,501
"Employee of a private for-profit company or business, or of an individual, for wages, salary, or commissions",Asian and Pacific Island languages,Very well,No,1000,40,155
"Employee of a private for-profit company or business, or of an individual, for wages, salary, or commissions",Spanish,Very well,No,90000,40,480
"Employee of a private for-profit company or business, or of an individual, for wages, salary, or commissions",English only,N/A (less than 5 years old/speaks only English),Yes,50000,50,388
"Employee of a private for-profit company or business, or of an individual, for wages, salary, or commissions",Spanish,N/A (less than 5 years old/speaks only English),No,60000,50,501
"Local government employee (city, county, etc.)",English only,N/A (less than 5 years old/speaks only English),No,20000,40,390
"Employee of a private for-profit company or business, or of an individual, for wages, salary, or commissions",English only,N/A (less than 5 years old/speaks only English),No,9000,35,166
"Employee of a private for-profit company or business, or of an individual, for wages, salary, or commissions",English only,N/A (less than 5 years old/speaks only English),No,28200,40,146
"Local government employee (city, county, etc.)",English only,N/A (less than 5 years old/speaks only English),No,7000,40,352
"Employee of a private not-for-profit, tax-exempt, or charitable organization",English only,N/A (less than 5 years old/speaks only English),No,37000,40,251
"Employee of a private for-profit company or business, or of an individual, for wages, salary, or commissions",English only,N/A (less than 5 years old/speaks only English),No,60000,40,166
"Employee of a private for-profit company or business, or of an individual, for wages, salary, or commissions",English only,N/A (less than 5 years old/speaks only English),No,72000,60,501
"Employee of a private for-profit company or business, or of an individual, for wages, salary, or commissions",Asian and Pacific Island languages,Very well,No,15300,50,501
"Employee of a private for-profit company or business, or of an individual, for wages, salary, or commissions",English only,N/A (less than 5 years old/speaks only English),No,34100,16,284
"Local government employee (city, county, etc.)",English only,N/A (less than 5 years old/speaks only English),No,56400,45,501
"Employee of a private for-profit company or business, or of an individual, for wages, salary, or commissions",Spanish,N/A (less than 5 years old/speaks only English),No,200000,50,501
"Employee of a private for-profit company or business, or of an individual, for wages, salary, or commissions",English only,N/A (less than 5 years old/speaks only English),No,72000,65,501
"Employee of a private for-profit company or business, or of an individual, for wages, salary, or commissions",Spanish,N/A (less than 5 years old/speaks only English),Yes,45800,45,325
"Employee of a private for-profit company or business, or of an individual, for wages, salary, or commissions",English only,N/A (less than 5 years old/speaks only English),Yes,37000,30,347
"Employee of a private for-profit company or business, or of an individual, for wages, salary, or commissions",English only,N/A (less than 5 years old/speaks only English),No,74800,65,501
"Self-employed in own not incorporated business, professional practice, or farm",Spanish,Very well,No,27000,40,136
"Employee of a private for-profit company or business, or of an individual, for wages, salary, or commissions",English only,N/A (less than 5 years old/speaks only English),No,31000,40,371
"Employee of a private for-profit company or business, or of an individual, for wages, salary, or commissions",Spanish,Not well,No,18000,30,282
"Employee of a private for-profit company or business, or of an individual, for wages, salary, or commissions",Spanish,N/A (less than 5 years old/speaks only English),No,1500,15,11
"Employee of a private for-profit company or business, or of an individual, for wages, salary, or commissions",English only,N/A (less than 5 years old/speaks only English),No,80100,36,501
"Employee of a private for-profit company or business, or of an individual, for wages, salary, or commissions",English only,N/A (less than 5 years old/speaks only English),No,95000,50,501
"Employee of a private for-profit company or business, or of an individual, for wages, salary, or commissions",English only,N/A (less than 5 years old/speaks only English),No,16200,40,281
"Employee of a private for-profit company or business, or of an individual, for wages, salary, or commissions",English only,N/A (less than 5 years old/speaks only English),No,78000,40,501
"Employee of a private for-profit company or business, or of an individual, for wages, salary, or commissions",Spanish,Very well,No,26000,40,263
"Employee of a private for-profit company or business, or of an individual, for wages, salary, or commissions",Spanish,Not well,No,35000,40,159
"Employee of a private for-profit company or business, or of an individual, for wages, salary, or commissions",Spanish,Well,No,32000,40,216
"Employee of a private for-profit company or business, or of an individual, for wages, salary, or commissions",Spanish,Very well,Yes,32000,36,399
"Employee of a private for-profit company or business, or of an individual, for wages, salary, or commissions",Spanish,Not well,No,25000,40,160
"Employee of a private for-profit company or business, or of an individual, for wages, salary, or commissions",English only,N/A (less than 5 years old/speaks only English),No,39000,45,312
"Employee of a private for-profit company or business, or of an individual, for wages, salary, or commissions",Spanish,Very well,No,40000,40,309
"Employee of a private for-profit company or business, or of an individual, for wages, salary, or commissions",English only,N/A (less than 5 years old/speaks only English),No,22500,45,174
"Employee of a private for-profit company or business, or of an individual, for wages, salary, or commissions",Other Indo-European languages,N/A (less than 5 years old/speaks only English),No,80000,60,402
"Employee of a private for-profit company or business, or of an individual, for wages, salary, or commissions",Spanish,Very well,No,52500,12,409
"Employee of a private for-profit company or business, or of an individual, for wages, salary, or commissions",English only,N/A (less than 5 years old/speaks only English),No,30000,40,266
Working without pay in family business or farm,Spanish,Very well,No,92500,24,501
Federal government employee,Other Indo-European languages,Very well,No,468000,40,501
"Employee of a private for-profit company or business, or of an individual, for wages, salary, or commissions",English only,N/A (less than 5 years old/speaks only English),Yes,11500,40,232
"Self-employed in own incorporated business, professional practice or farm",Spanish,Very well,No,7000,50,23
"Employee of a private for-profit company or business, or of an individual, for wages, salary, or commissions",English only,N/A (less than 5 years old/speaks only English),Yes,25000,40,124
"Employee of a private for-profit company or business, or of an individual, for wages, salary, or commissions",Spanish,Very well,No,24500,40,376
"Employee of a private for-profit company or business, or of an individual, for wages, salary, or commissions",Spanish,Very well,Yes,48000,55,359
"Employee of a private for-profit company or business, or of an individual, for wages, salary, or commissions",Spanish,Well,No,21000,40,104
"Employee of a private for-profit company or business, or of an individual, for wages, salary, or commissions",Spanish,Well,No,27000,40,209
"Employee of a private for-profit company or business, or of an individual, for wages, salary, or commissions",Spanish,Very well,No,30000,40,236
"Employee of a private for-profit company or business, or of an individual, for wages, salary, or commissions",Spanish,Well,No,40020,40,300
"Employee of a private for-profit company or business, or of an individual, for wages, salary, or commissions",Spanish,Well,No,100000,50,501
"Employee of a private not-for-profit, tax-exempt, or charitable organization",Spanish,Very well,Yes,100,4,51
"Employee of a private for-profit company or business, or of an individual, for wages, salary, or commissions",English only,N/A (less than 5 years old/speaks only English),No,22000,40,482
"Employee of a private for-profit company or business, or of an individual, for wages, salary, or commissions",Spanish,Very well,No,950,25,135
"Employee of a private not-for-profit, tax-exempt, or charitable organization",English only,N/A (less than 5 years old/speaks only English),No,120000,45,501
"Local government employee (city, county, etc.)",Asian and Pacific Island languages,Not well,No,12400,40,161
"Employee of a private for-profit company or business, or of an individual, for wages, salary, or commissions",Asian and Pacific Island languages,Not well,No,14000,40,150
"Local government employee (city, county, etc.)",English only,N/A (less than 5 years old/speaks only English),No,44000,40,147
"Employee of a private for-profit company or business, or of an individual, for wages, salary, or commissions",English only,N/A (less than 5 years old/speaks only English),No,47400,30,501
"Self-employed in own incorporated business, professional practice or farm",English only,N/A (less than 5 years old/speaks only English),No,78000,55,501
"Employee of a private for-profit company or business, or of an individual, for wages, salary, or commissions",English only,N/A (less than 5 years old/speaks only English),Yes,15000,16,159
"Employee of a private for-profit company or business, or of an individual, for wages, salary, or commissions",Spanish,Very well,No,51600,45,304
"Employee of a private for-profit company or business, or of an individual, for wages, salary, or commissions",Spanish,Very well,No,12000,40,320
"Local government employee (city, county, etc.)",English only,N/A (less than 5 years old/speaks only English),No,65700,24,501
"Employee of a private for-profit company or business, or of an individual, for wages, salary, or commissions",English only,N/A (less than 5 years old/speaks only English),No,40000,40,396
"Employee of a private for-profit company or business, or of an individual, for wages, salary, or commissions",Spanish,Well,No,34000,30,135
"Employee of a private for-profit company or business, or of an individual, for wages, salary, or commissions",English only,N/A (less than 5 years old/speaks only English),No,119920,40,501
"Employee of a private for-profit company or business, or of an individual, for wages, salary, or commissions",English only,N/A (less than 5 years old/speaks only English),No,167100,40,501
"Employee of a private for-profit company or business, or of an individual, for wages, salary, or commissions",English only,N/A (less than 5 years old/speaks only English),No,35000,40,501
"Employee of a private not-for-profit, tax-exempt, or charitable organization",English only,N/A (less than 5 years old/speaks only English),No,50000,40,501
"Employee of a private for-profit company or business, or of an individual, for wages, salary, or commissions",Other Indo-European languages,Very well,No,240000,40,501
"Employee of a private for-profit company or business, or of an individual, for wages, salary, or commissions",Spanish,Not well,No,45000,40,501
"Employee of a private for-profit company or business, or of an individual, for wages, salary, or commissions",Spanish,Not at all,Yes,2600,40,101
"Employee of a private for-profit company or business, or of an individual, for wages, salary, or commissions",Spanish,Not well,No,27000,40,416
"Employee of a private for-profit company or business, or of an individual, for wages, salary, or commissions",English only,N/A (less than 5 years old/speaks only English),No,41000,40,240
"Employee of a private for-profit company or business, or of an individual, for wages, salary, or commissions",Asian and Pacific Island languages,N/A (less than 5 years old/speaks only English),No,87000,40,501
"Employee of a private for-profit company or business, or of an individual, for wages, salary, or commissions",English only,N/A (less than 5 years old/speaks only English),No,70000,30,501
"Employee of a private for-profit company or business, or of an individual, for wages, salary, or commissions",Spanish,Very well,No,2600,20,206
"Employee of a private for-profit company or business, or of an individual, for wages, salary, or commissions",Spanish,Very well,No,45000,40,501
"Employee of a private for-profit company or business, or of an individual, for wages, salary, or commissions",English only,N/A (less than 5 years old/speaks only English),No,28000,70,218
"Self-employed in own not incorporated business, professional practice, or farm",Spanish,Very well,No,41500,40,336
"Employee of a private for-profit company or business, or of an individual, for wages, salary, or commissions",Spanish,Well,No,12000,40,461
"Employee of a private for-profit company or business, or of an individual, for wages, salary, or commissions",Asian and Pacific Island languages,Very well,No,65000,24,501
"Employee of a private for-profit company or business, or of an individual, for wages, salary, or commissions",Spanish,N/A (less than 5 years old/speaks only English),Yes,15700,40,103
"Employee of a private for-profit company or business, or of an individual, for wages, salary, or commissions",English only,N/A (less than 5 years old/speaks only English),No,49000,40,404
"Self-employed in own not incorporated business, professional practice, or farm",Spanish,Well,No,30000,20,348
"Employee of a private for-profit company or business, or of an individual, for wages, salary, or commissions",Spanish,Very well,No,39000,48,413
"Employee of a private for-profit company or business, or of an individual, for wages, salary, or commissions",English only,N/A (less than 5 years old/speaks only English),No,40000,40,468
"Employee of a private for-profit company or business, or of an individual, for wages, salary, or commissions",Asian and Pacific Island languages,N/A (less than 5 years old/speaks only English),No,18300,40,458
"Self-employed in own incorporated business, professional practice or farm",English only,N/A (less than 5 years old/speaks only English),No,8000,60,61
"Employee of a private for-profit company or business, or of an individual, for wages, salary, or commissions",English only,N/A (less than 5 years old/speaks only English),No,468200,40,501
"Local government employee (city, county, etc.)",Spanish,Very well,No,23500,29,384
"Employee of a private for-profit company or business, or of an individual, for wages, salary, or commissions",Asian and Pacific Island languages,Very well,No,108000,40,501
"Self-employed in own not incorporated business, professional practice, or farm",English only,N/A (less than 5 years old/speaks only English),No,56000,40,501
"Employee of a private for-profit company or business, or of an individual, for wages, salary, or commissions",Spanish,N/A (less than 5 years old/speaks only English),No,25000,40,193
"Employee of a private for-profit company or business, or of an individual, for wages, salary, or commissions",English only,N/A (less than 5 years old/speaks only English),No,51000,60,382
"Local government employee (city, county, etc.)",English only,N/A (less than 5 years old/speaks only English),No,54400,40,501
Federal government employee,English only,N/A (less than 5 years old/speaks only English),No,156000,44,501
"Employee of a private for-profit company or business, or of an individual, for wages, salary, or commissions",Spanish,Not well,No,27000,45,369
"Self-employed in own incorporated business, professional practice or farm",English only,N/A (less than 5 years old/speaks only English),Yes,2500,16,41
"Employee of a private for-profit company or business, or of an individual, for wages, salary, or commissions",Spanish,Not at all,Yes,15500,40,279
"Employee of a private for-profit company or business, or of an individual, for wages, salary, or commissions",Spanish,Very well,Yes,12500,45,130
State government employee,Spanish,Very well,No,57000,40,444
"Employee of a private for-profit company or business, or of an individual, for wages, salary, or commissions",English only,N/A (less than 5 years old/speaks only English),No,28500,40,218
"Employee of a private for-profit company or business, or of an individual, for wages, salary, or commissions",Spanish,Not well,No,79200,50,501
"Employee of a private for-profit company or business, or of an individual, for wages, salary, or commissions",Spanish,Not at all,No,12000,40,287
"Employee of a private for-profit company or business, or of an individual, for wages, salary, or commissions",English only,N/A (less than 5 years old/speaks only English),No,50000,80,387
"Employee of a private for-profit company or business, or of an individual, for wages, salary, or commissions",English only,N/A (less than 5 years old/speaks only English),No,16000,50,501
"Employee of a private for-profit company or business, or of an individual, for wages, salary, or commissions",English only,N/A (less than 5 years old/speaks only English),No,30000,45,300
"Employee of a private for-profit company or business, or of an individual, for wages, salary, or commissions",English only,N/A (less than 5 years old/speaks only English),No,62000,40,501
"Local government employee (city, county, etc.)",Spanish,Very well,Yes,90000,40,473
"Employee of a private for-profit company or business, or of an individual, for wages, salary, or commissions",Spanish,Not well,No,70000,45,501
"Employee of a private for-profit company or business, or of an individual, for wages, salary, or commissions",Asian and Pacific Island languages,Very well,No,106000,45,501
"Local government employee (city, county, etc.)",English only,N/A (less than 5 years old/speaks only English),No,40000,40,200
State government employee,English only,N/A (less than 5 years old/speaks only English),Yes,1200,5,124
"Employee of a private for-profit company or business, or of an individual, for wages, salary, or commissions",English only,N/A (less than 5 years old/speaks only English),No,46200,45,501
"Employee of a private for-profit company or business, or of an individual, for wages, salary, or commissions",Other language,N/A (less than 5 years old/speaks only English),No,21000,22,84
"Employee of a private for-profit company or business, or of an individual, for wages, salary, or commissions",Spanish,Very well,No,24000,45,227
"Self-employed in own not incorporated business, professional practice, or farm",English only,N/A (less than 5 years old/speaks only English),No,6000,12,35
"Employee of a private for-profit company or business, or of an individual, for wages, salary, or commissions",Asian and Pacific Island languages,Well,No,10000,40,255
"Employee of a private for-profit company or business, or of an individual, for wages, salary, or commissions",Other Indo-European languages,N/A (less than 5 years old/speaks only English),No,8500,25,373
Federal government employee,English only,N/A (less than 5 years old/speaks only English),Yes,24000,50,251
"Local government employee (city, county, etc.)",English only,N/A (less than 5 years old/speaks only English),No,44300,40,345
"Employee of a private for-profit company or business, or of an individual, for wages, salary, or commissions",English only,N/A (less than 5 years old/speaks only English),No,4500,8,416
"Employee of a private for-profit company or business, or of an individual, for wages, salary, or commissions",Other Indo-European languages,Very well,No,10000,30,77
"Self-employed in own not incorporated business, professional practice, or farm",Asian and Pacific Island languages,Very well,No,51000,30,501
"Employee of a private for-profit company or business, or of an individual, for wages, salary, or commissions",Spanish,Not well,No,29000,40,234
"Self-employed in own not incorporated business, professional practice, or farm",English only,N/A (less than 5 years old/speaks only English),No,96000,12,501
"Employee of a private for-profit company or business, or of an individual, for wages, salary, or commissions",Spanish,Very well,No,30000,40,196
"Employee of a private for-profit company or business, or of an individual, for wages, salary, or commissions",Spanish,Well,No,55000,40,445
"Local government employee (city, county, etc.)",Spanish,Not well,No,25200,45,196
"Employee of a private for-profit company or business, or of an individual, for wages, salary, or commissions",Spanish,N/A (less than 5 years old/speaks only English),No,40000,50,232
"Employee of a private for-profit company or business, or of an individual, for wages, salary, or commissions",Spanish,Not well,No,20000,40,343
"Employee of a private for-profit company or business, or of an individual, for wages, salary, or commissions",Spanish,Not well,No,10500,40,61
"Employee of a private for-profit company or business, or of an individual, for wages, salary, or commissions",Spanish,Very well,No,12200,28,230
"Employee of a private for-profit company or business, or of an individual, for wages, salary, or commissions",Asian and Pacific Island languages,Very well,No,20000,40,279
"Employee of a private for-profit company or business, or of an individual, for wages, salary, or commissions",Spanish,Very well,No,50000,40,292
"Employee of a private for-profit company or business, or of an individual, for wages, salary, or commissions",English only,N/A (less than 5 years old/speaks only English),No,80300,40,501
"Self-employed in own incorporated business, professional practice or farm",English only,N/A (less than 5 years old/speaks only English),No,15600,55,479
"Local government employee (city, county, etc.)",English only,N/A (less than 5 years old/speaks only English),No,72000,40,501
"Local government employee (city, county, etc.)",English only,N/A (less than 5 years old/speaks only English),No,46500,50,501
"Employee of a private for-profit company or business, or of an individual, for wages, salary, or commissions",English only,N/A (less than 5 years old/speaks only English),No,18000,40,239
"Local government employee (city, county, etc.)",English only,N/A (less than 5 years old/speaks only English),No,50000,43,501
"Employee of a private for-profit company or business, or of an individual, for wages, salary, or commissions",Asian and Pacific Island languages,Well,No,50000,45,501
"Employee of a private for-profit company or business, or of an individual, for wages, salary, or commissions",English only,N/A (less than 5 years old/speaks only English),No,71000,50,426
"Self-employed in own incorporated business, professional practice or farm",English only,N/A (less than 5 years old/speaks only English),No,45700,70,390
"Employee of a private for-profit company or business, or of an individual, for wages, salary, or commissions",Asian and Pacific Island languages,Well,No,2000,20,271
"Employee of a private for-profit company or business, or of an individual, for wages, salary, or commissions",Other language,Very well,No,55000,40,387
"Employee of a private for-profit company or business, or of an individual, for wages, salary, or commissions",Spanish,Well,No,15000,40,59
"Employee of a private for-profit company or business, or of an individual, for wages, salary, or commissions",Other language,Very well,No,57500,40,232
"Employee of a private for-profit company or business, or of an individual, for wages, salary, or commissions",English only,N/A (less than 5 years old/speaks only English),No,70000,44,339
"Employee of a private for-profit company or business, or of an individual, for wages, salary, or commissions",Asian and Pacific Island languages,Very well,No,30000,60,234
"Employee of a private for-profit company or business, or of an individual, for wages, salary, or commissions",English only,N/A (less than 5 years old/speaks only English),No,114600,40,501
"Employee of a private for-profit company or business, or of an individual, for wages, salary, or commissions",English only,N/A (less than 5 years old/speaks only English),No,72000,40,501
"Local government employee (city, county, etc.)",Spanish,Well,No,21100,49,501
"Employee of a private for-profit company or business, or of an individual, for wages, salary, or commissions",Spanish,N/A (less than 5 years old/speaks only English),Yes,31000,40,446
"Employee of a private for-profit company or business, or of an individual, for wages, salary, or commissions",Spanish,Not at all,No,60000,50,462
"Employee of a private for-profit company or business, or of an individual, for wages, salary, or commissions",English only,N/A (less than 5 years old/speaks only English),No,100000,40,501
"Employee of a private not-for-profit, tax-exempt, or charitable organization",English only,N/A (less than 5 years old/speaks only English),No,70000,40,501
"Employee of a private for-profit company or business, or of an individual, for wages, salary, or commissions",Other Indo-European languages,Very well,No,35000,35,501
"Employee of a private for-profit company or business, or of an individual, for wages, salary, or commissions",English only,N/A (less than 5 years old/speaks only English),No,56000,40,501
"Self-employed in own not incorporated business, professional practice, or farm",English only,N/A (less than 5 years old/speaks only English),No,20000,40,155
"Employee of a private for-profit company or business, or of an individual, for wages, salary, or commissions",English only,N/A (less than 5 years old/speaks only English),No,31000,25,501
"Employee of a private for-profit company or business, or of an individual, for wages, salary, or commissions",English only,N/A (less than 5 years old/speaks only English),No,186100,40,501
"Employee of a private for-profit company or business, or of an individual, for wages, salary, or commissions",English only,N/A (less than 5 years old/speaks only English),No,50000,50,501
"Employee of a private for-profit company or business, or of an individual, for wages, salary, or commissions",Spanish,Not well,No,21000,40,296
Working without pay in family business or farm,English only,N/A (less than 5 years old/speaks only English),Yes,7500,10,29
"Self-employed in own incorporated business, professional practice or farm",Spanish,N/A (less than 5 years old/speaks only English),No,10000,25,442
"Employee of a private for-profit company or business, or of an individual, for wages, salary, or commissions",English only,N/A (less than 5 years old/speaks only English),No,32000,50,161
"Self-employed in own not incorporated business, professional practice, or farm",Spanish,Very well,No,60000,60,349
"Employee of a private for-profit company or business, or of an individual, for wages, salary, or commissions",Asian and Pacific Island languages,Not well,No,23000,45,214
"Employee of a private for-profit company or business, or of an individual, for wages, salary, or commissions",Other Indo-European languages,Very well,No,110000,40,501
"Self-employed in own not incorporated business, professional practice, or farm",Spanish,N/A (less than 5 years old/speaks only English),No,75000,60,468
"Employee of a private for-profit company or business, or of an individual, for wages, salary, or commissions",English only,N/A (less than 5 years old/speaks only English),No,3600,32,477
"Self-employed in own not incorporated business, professional practice, or farm",Asian and Pacific Island languages,Very well,No,40000,40,311
"Employee of a private for-profit company or business, or of an individual, for wages, salary, or commissions",English only,N/A (less than 5 years old/speaks only English),No,200000,40,501
"Employee of a private for-profit company or business, or of an individual, for wages, salary, or commissions",Spanish,Very well,No,35000,40,272
"Employee of a private for-profit company or business, or of an individual, for wages, salary, or commissions",English only,N/A (less than 5 years old/speaks only English),No,40000,40,259
"Self-employed in own not incorporated business, professional practice, or farm",English only,N/A (less than 5 years old/speaks only English),No,17000,50,132
"Employee of a private for-profit company or business, or of an individual, for wages, salary, or commissions",Spanish,Very well,Yes,9400,40,147
"Employee of a private for-profit company or business, or of an individual, for wages, salary, or commissions",English only,N/A (less than 5 years old/speaks only English),No,38900,41,302
"Employee of a private for-profit company or business, or of an individual, for wages, salary, or commissions",English only,N/A (less than 5 years old/speaks only English),No,150000,43,501
"Employee of a private for-profit company or business, or of an individual, for wages, salary, or commissions",Spanish,Very well,No,110000,45,459
"Local government employee (city, county, etc.)",English only,N/A (less than 5 years old/speaks only English),No,63000,20,366
"Employee of a private for-profit company or business, or of an individual, for wages, salary, or commissions",English only,N/A (less than 5 years old/speaks only English),No,137700,50,501
"Employee of a private for-profit company or business, or of an individual, for wages, salary, or commissions",Spanish,Very well,No,78000,40,501
"Employee of a private not-for-profit, tax-exempt, or charitable organization",English only,N/A (less than 5 years old/speaks only English),No,35000,40,270
"Employee of a private for-profit company or business, or of an individual, for wages, salary, or commissions",English only,N/A (less than 5 years old/speaks only English),No,50000,40,318
"Employee of a private for-profit company or business, or of an individual, for wages, salary, or commissions",English only,N/A (less than 5 years old/speaks only English),No,84000,40,501
"Employee of a private for-profit company or business, or of an individual, for wages, salary, or commissions",Spanish,Very well,Yes,15000,40,284
"Employee of a private for-profit company or business, or of an individual, for wages, salary, or commissions",Other language,Very well,No,52000,38,501
"Employee of a private for-profit company or business, or of an individual, for wages, salary, or commissions",Asian and Pacific Island languages,Very well,No,50000,45,350
"Employee of a private for-profit company or business, or of an individual, for wages, salary, or commissions",Other Indo-European languages,Very well,No,120000,65,501
"Employee of a private for-profit company or business, or of an individual, for wages, salary, or commissions",English only,N/A (less than 5 years old/speaks only English),No,100000,40,501
"Employee of a private for-profit company or business, or of an individual, for wages, salary, or commissions",English only,N/A (less than 5 years old/speaks only English),No,55000,40,427
"Employee of a private for-profit company or business, or of an individual, for wages, salary, or commissions",Spanish,Very well,No,15000,20,365
"Employee of a private for-profit company or business, or of an individual, for wages, salary, or commissions",Spanish,Not well,No,15000,40,87
"Employee of a private for-profit company or business, or of an individual, for wages, salary, or commissions",Spanish,Not well,No,20000,38,153
"Employee of a private for-profit company or business, or of an individual, for wages, salary, or commissions",English only,N/A (less than 5 years old/speaks only English),No,3000,40,395
"Employee of a private for-profit company or business, or of an individual, for wages, salary, or commissions",English only,N/A (less than 5 years old/speaks only English),No,40000,40,293
"Employee of a private for-profit company or business, or of an individual, for wages, salary, or commissions",English only,N/A (less than 5 years old/speaks only English),No,30000,40,177
"Employee of a private for-profit company or business, or of an individual, for wages, salary, or commissions",English only,N/A (less than 5 years old/speaks only English),No,10000,30,81
"Employee of a private not-for-profit, tax-exempt, or charitable organization",English only,N/A (less than 5 years old/speaks only English),No,60000,50,501
"Employee of a private for-profit company or business, or of an individual, for wages, salary, or commissions",English only,N/A (less than 5 years old/speaks only English),No,45000,40,501
"Employee of a private for-profit company or business, or of an individual, for wages, salary, or commissions",English only,N/A (less than 5 years old/speaks only English),No,21000,40,302
"Employee of a private for-profit company or business, or of an individual, for wages, salary, or commissions",Other language,Very well,Yes,30000,40,166
"Employee of a private for-profit company or business, or of an individual, for wages, salary, or commissions",Spanish,N/A (less than 5 years old/speaks only English),No,21000,40,163
"Self-employed in own incorporated business, professional practice or farm",English only,N/A (less than 5 years old/speaks only English),No,28600,45,501
"Employee of a private for-profit company or business, or of an individual, for wages, salary, or commissions",English only,N/A (less than 5 years old/speaks only English),No,58000,40,501
"Employee of a private for-profit company or business, or of an individual, for wages, salary, or commissions",Asian and Pacific Island languages,Very well,No,40000,40,501
"Employee of a private for-profit company or business, or of an individual, for wages, salary, or commissions",English only,N/A (less than 5 years old/speaks only English),No,30000,40,358
"Local government employee (city, county, etc.)",Asian and Pacific Island languages,Very well,No,67000,45,435
"Employee of a private for-profit company or business, or of an individual, for wages, salary, or commissions",English only,N/A (less than 5 years old/speaks only English),No,117490,40,501
"Employee of a private for-profit company or business, or of an individual, for wages, salary, or commissions",Spanish,Well,No,32600,30,191
"Employee of a private for-profit company or business, or of an individual, for wages, salary, or commissions",Other Indo-European languages,Very well,No,51000,37,433
"Employee of a private for-profit company or business, or of an individual, for wages, salary, or commissions",English only,N/A (less than 5 years old/speaks only English),No,54010,20,501
"Employee of a private for-profit company or business, or of an individual, for wages, salary, or commissions",Spanish,Not well,No,17300,50,133
"Local government employee (city, county, etc.)",Spanish,Very well,No,29000,40,501
"Employee of a private for-profit company or business, or of an individual, for wages, salary, or commissions",Spanish,Very well,No,24000,30,402
"Employee of a private for-profit company or business, or of an individual, for wages, salary, or commissions",English only,N/A (less than 5 years old/speaks only English),No,45000,40,345
"Employee of a private for-profit company or business, or of an individual, for wages, salary, or commissions",English only,N/A (less than 5 years old/speaks only English),No,35000,40,501
"Employee of a private for-profit company or business, or of an individual, for wages, salary, or commissions",Asian and Pacific Island languages,N/A (less than 5 years old/speaks only English),No,95100,60,501
"Employee of a private for-profit company or business, or of an individual, for wages, salary, or commissions",English only,N/A (less than 5 years old/speaks only English),No,11700,30,501
"Local government employee (city, county, etc.)",English only,N/A (less than 5 years old/speaks only English),No,20300,40,162
"Employee of a private for-profit company or business, or of an individual, for wages, salary, or commissions",English only,N/A (less than 5 years old/speaks only English),No,59500,40,456
"Local government employee (city, county, etc.)",English only,N/A (less than 5 years old/speaks only English),No,23260,40,180
"Employee of a private for-profit company or business, or of an individual, for wages, salary, or commissions",Spanish,N/A (less than 5 years old/speaks only English),No,23000,35,176
"Employee of a private not-for-profit, tax-exempt, or charitable organization",English only,N/A (less than 5 years old/speaks only English),Yes,15000,40,119
"Local government employee (city, county, etc.)",English only,N/A (less than 5 years old/speaks only English),No,36300,42,349
"Local government employee (city, county, etc.)",Spanish,Very well,No,31000,37,501
"Employee of a private for-profit company or business, or of an individual, for wages, salary, or commissions",English only,N/A (less than 5 years old/speaks only English),No,150000,40,501
"Employee of a private for-profit company or business, or of an individual, for wages, salary, or commissions",Spanish,Well,No,30000,40,501
"Employee of a private for-profit company or business, or of an individual, for wages, salary, or commissions",Spanish,Very well,No,24800,30,245
"Employee of a private for-profit company or business, or of an individual, for wages, salary, or commissions",Spanish,Very well,Yes,6000,20,35
"Employee of a private for-profit company or business, or of an individual, for wages, salary, or commissions",Spanish,Very well,No,28000,25,317
"Employee of a private for-profit company or business, or of an individual, for wages, salary, or commissions",English only,N/A (less than 5 years old/speaks only English),No,12000,10,501
"Employee of a private not-for-profit, tax-exempt, or charitable organization",English only,N/A (less than 5 years old/speaks only English),No,49000,40,383
"Employee of a private for-profit company or business, or of an individual, for wages, salary, or commissions",Other language,Very well,No,40000,40,204
"Employee of a private for-profit company or business, or of an individual, for wages, salary, or commissions",English only,N/A (less than 5 years old/speaks only English),No,26000,40,203
"Employee of a private for-profit company or business, or of an individual, for wages, salary, or commissions",English only,N/A (less than 5 years old/speaks only English),No,38000,36,501
"Employee of a private for-profit company or business, or of an individual, for wages, salary, or commissions",Spanish,Very well,No,18000,30,104
"Employee of a private for-profit company or business, or of an individual, for wages, salary, or commissions",English only,N/A (less than 5 years old/speaks only English),No,18000,28,492
"Employee of a private for-profit company or business, or of an individual, for wages, salary, or commissions",English only,N/A (less than 5 years old/speaks only English),No,48000,48,387
"Employee of a private for-profit company or business, or of an individual, for wages, salary, or commissions",English only,N/A (less than 5 years old/speaks only English),No,38000,25,501
"Employee of a private for-profit company or business, or of an individual, for wages, salary, or commissions",English only,N/A (less than 5 years old/speaks only English),No,50000,40,501
"Employee of a private not-for-profit, tax-exempt, or charitable organization",English only,N/A (less than 5 years old/speaks only English),No,28000,40,245
"Employee of a private for-profit company or business, or of an individual, for wages, salary, or commissions",English only,N/A (less than 5 years old/speaks only English),No,24000,40,403
"Employee of a private for-profit company or business, or of an individual, for wages, salary, or commissions",English only,N/A (less than 5 years old/speaks only English),No,10000,25,372
"Employee of a private not-for-profit, tax-exempt, or charitable organization",English only,N/A (less than 5 years old/speaks only English),No,12000,99,220
"Self-employed in own incorporated business, professional practice or farm",Spanish,Very well,No,60000,96,501
"Employee of a private for-profit company or business, or of an individual, for wages, salary, or commissions",English only,N/A (less than 5 years old/speaks only English),No,55000,40,431
"Employee of a private for-profit company or business, or of an individual, for wages, salary, or commissions",English only,N/A (less than 5 years old/speaks only English),No,42000,40,501
"Employee of a private for-profit company or business, or of an individual, for wages, salary, or commissions",English only,N/A (less than 5 years old/speaks only English),No,61200,40,501
"Employee of a private for-profit company or business, or of an individual, for wages, salary, or commissions",English only,N/A (less than 5 years old/speaks only English),No,55000,50,431
Federal government employee,Spanish,Very well,No,23100,40,219
"Employee of a private for-profit company or business, or of an individual, for wages, salary, or commissions",Asian and Pacific Island languages,N/A (less than 5 years old/speaks only English),No,36000,40,447
"Employee of a private for-profit company or business, or of an individual, for wages, salary, or commissions",English only,N/A (less than 5 years old/speaks only English),No,104000,50,501
"Employee of a private for-profit company or business, or of an individual, for wages, salary, or commissions",Spanish,Very well,No,468000,50,501
State government employee,Asian and Pacific Island languages,Very well,Yes,100000,36,501
"Employee of a private for-profit company or business, or of an individual, for wages, salary, or commissions",English only,N/A (less than 5 years old/speaks only English),No,33000,40,501
"Employee of a private for-profit company or business, or of an individual, for wages, salary, or commissions",Spanish,Not well,No,28600,40,223
"Employee of a private for-profit company or business, or of an individual, for wages, salary, or commissions",English only,N/A (less than 5 years old/speaks only English),No,48000,30,501
"Self-employed in own incorporated business, professional practice or farm",English only,N/A (less than 5 years old/speaks only English),No,30000,40,120
"Self-employed in own not incorporated business, professional practice, or farm",English only,N/A (less than 5 years old/speaks only English),No,6000,20,46
"Self-employed in own not incorporated business, professional practice, or farm",Spanish,Well,No,500,8,21
"Employee of a private for-profit company or business, or of an individual, for wages, salary, or commissions",Spanish,Very well,No,36000,40,346
"Employee of a private for-profit company or business, or of an individual, for wages, salary, or commissions",Spanish,Not well,No,75000,50,415
"Employee of a private for-profit company or business, or of an individual, for wages, salary, or commissions",English only,N/A (less than 5 years old/speaks only English),No,26700,40,316
"Employee of a private for-profit company or business, or of an individual, for wages, salary, or commissions",English only,N/A (less than 5 years old/speaks only English),No,12000,62,92
"Employee of a private for-profit company or business, or of an individual, for wages, salary, or commissions",Asian and Pacific Island languages,Well,No,40000,50,237
"Employee of a private for-profit company or business, or of an individual, for wages, salary, or commissions",English only,N/A (less than 5 years old/speaks only English),No,26000,40,369
"Employee of a private for-profit company or business, or of an individual, for wages, salary, or commissions",English only,N/A (less than 5 years old/speaks only English),No,55000,40,425
"Employee of a private for-profit company or business, or of an individual, for wages, salary, or commissions",English only,N/A (less than 5 years old/speaks only English),No,40000,38,501
"Employee of a private for-profit company or business, or of an individual, for wages, salary, or commissions",Spanish,Not well,No,10000,20,196
"Employee of a private for-profit company or business, or of an individual, for wages, salary, or commissions",English only,N/A (less than 5 years old/speaks only English),No,50000,48,501
"Employee of a private for-profit company or business, or of an individual, for wages, salary, or commissions",Spanish,Not well,No,46000,40,230
Federal government employee,English only,N/A (less than 5 years old/speaks only English),No,120000,40,501
"Employee of a private for-profit company or business, or of an individual, for wages, salary, or commissions",Spanish,Not well,Yes,30000,40,157
"Employee of a private for-profit company or business, or of an individual, for wages, salary, or commissions",Spanish,Well,No,15000,40,337
State government employee,English only,N/A (less than 5 years old/speaks only English),No,22700,40,501
"Employee of a private for-profit company or business, or of an individual, for wages, salary, or commissions",Other Indo-European languages,Very well,No,60000,60,469
"Employee of a private for-profit company or business, or of an individual, for wages, salary, or commissions",English only,N/A (less than 5 years old/speaks only English),No,35000,40,501
"Employee of a private for-profit company or business, or of an individual, for wages, salary, or commissions",Spanish,Very well,Yes,23300,40,193
"Self-employed in own incorporated business, professional practice or farm",Spanish,Very well,No,30000,40,120
"Employee of a private not-for-profit, tax-exempt, or charitable organization",English only,N/A (less than 5 years old/speaks only English),No,67000,40,501
"Self-employed in own incorporated business, professional practice or farm",English only,N/A (less than 5 years old/speaks only English),No,68000,40,501
"Employee of a private for-profit company or business, or of an individual, for wages, salary, or commissions",English only,N/A (less than 5 years old/speaks only English),No,141000,44,501
"Employee of a private for-profit company or business, or of an individual, for wages, salary, or commissions",Spanish,N/A (less than 5 years old/speaks only English),No,30900,40,251
"Employee of a private for-profit company or business, or of an individual, for wages, salary, or commissions",English only,N/A (less than 5 years old/speaks only English),No,124300,40,501
"Employee of a private for-profit company or business, or of an individual, for wages, salary, or commissions",English only,N/A (less than 5 years old/speaks only English),No,39000,40,301
"Employee of a private for-profit company or business, or of an individual, for wages, salary, or commissions",Spanish,Very well,No,20000,8,293
"Employee of a private for-profit company or business, or of an individual, for wages, salary, or commissions",Spanish,N/A (less than 5 years old/speaks only English),No,60000,40,393
"Employee of a private for-profit company or business, or of an individual, for wages, salary, or commissions",Spanish,Very well,No,100000,40,501
State government employee,Spanish,Well,No,23000,46,223
"Employee of a private for-profit company or business, or of an individual, for wages, salary, or commissions",English only,N/A (less than 5 years old/speaks only English),No,58800,40,343
"Employee of a private for-profit company or business, or of an individual, for wages, salary, or commissions",English only,N/A (less than 5 years old/speaks only English),No,40000,40,206
"Employee of a private for-profit company or business, or of an individual, for wages, salary, or commissions",Other language,Very well,No,18000,40,78
"Employee of a private for-profit company or business, or of an individual, for wages, salary, or commissions",Spanish,Very well,No,50000,40,200
"Employee of a private for-profit company or business, or of an individual, for wages, salary, or commissions",Spanish,Well,Yes,22000,40,501
"Employee of a private for-profit company or business, or of an individual, for wages, salary, or commissions",Spanish,Very well,No,36000,40,276
"Employee of a private not-for-profit, tax-exempt, or charitable organization",Spanish,Not well,No,18000,38,131
"Employee of a private for-profit company or business, or of an individual, for wages, salary, or commissions",Spanish,Well,No,18000,40,108
"Employee of a private for-profit company or business, or of an individual, for wages, salary, or commissions",English only,N/A (less than 5 years old/speaks only English),No,7000,40,208
"Employee of a private for-profit company or business, or of an individual, for wages, salary, or commissions",English only,N/A (less than 5 years old/speaks only English),No,48000,40,321
"Employee of a private for-profit company or business, or of an individual, for wages, salary, or commissions",Spanish,Not at all,No,29000,40,226
"Employee of a private for-profit company or business, or of an individual, for wages, salary, or commissions",English only,N/A (less than 5 years old/speaks only English),No,180000,60,501
"Employee of a private for-profit company or business, or of an individual, for wages, salary, or commissions",Spanish,Well,No,30000,50,232
"Self-employed in own incorporated business, professional practice or farm",English only,N/A (less than 5 years old/speaks only English),No,100000,50,501
"Local government employee (city, county, etc.)",English only,N/A (less than 5 years old/speaks only English),No,27000,35,431
"Employee of a private for-profit company or business, or of an individual, for wages, salary, or commissions",English only,N/A (less than 5 years old/speaks only English),No,85000,50,501
"Employee of a private for-profit company or business, or of an individual, for wages, salary, or commissions",Spanish,Very well,No,40000,40,394
"Employee of a private for-profit company or business, or of an individual, for wages, salary, or commissions",Spanish,Well,No,31200,45,358
"Employee of a private for-profit company or business, or of an individual, for wages, salary, or commissions",Spanish,N/A (less than 5 years old/speaks only English),No,3000,30,295
"Employee of a private for-profit company or business, or of an individual, for wages, salary, or commissions",English only,N/A (less than 5 years old/speaks only English),No,80000,40,501
"Self-employed in own not incorporated business, professional practice, or farm",Asian and Pacific Island languages,Well,No,35000,40,274
"Employee of a private for-profit company or business, or of an individual, for wages, salary, or commissions",Spanish,Very well,Yes,4800,20,141
"Employee of a private for-profit company or business, or of an individual, for wages, salary, or commissions",English only,N/A (less than 5 years old/speaks only English),No,84000,40,501
"Employee of a private for-profit company or business, or of an individual, for wages, salary, or commissions",Spanish,Very well,No,5200,35,40
"Employee of a private for-profit company or business, or of an individual, for wages, salary, or commissions",Other language,Well,Yes,13000,40,43
"Employee of a private for-profit company or business, or of an individual, for wages, salary, or commissions",English only,N/A (less than 5 years old/speaks only English),No,61000,38,472
"Employee of a private for-profit company or business, or of an individual, for wages, salary, or commissions",English only,N/A (less than 5 years old/speaks only English),No,42000,40,450
"Local government employee (city, county, etc.)",Other Indo-European languages,Very well,Yes,52000,40,280
"Employee of a private for-profit company or business, or of an individual, for wages, salary, or commissions",Asian and Pacific Island languages,Very well,No,73000,36,293
"Employee of a private for-profit company or business, or of an individual, for wages, salary, or commissions",English only,N/A (less than 5 years old/speaks only English),No,50000,40,355
"Employee of a private for-profit company or business, or of an individual, for wages, salary, or commissions",English only,N/A (less than 5 years old/speaks only English),No,125000,40,501
"Employee of a private for-profit company or business, or of an individual, for wages, salary, or commissions",English only,N/A (less than 5 years old/speaks only English),No,3600,32,501
"Employee of a private for-profit company or business, or of an individual, for wages, salary, or commissions",Spanish,Very well,No,85000,40,351
Federal government employee,English only,N/A (less than 5 years old/speaks only English),No,130000,40,501
"Employee of a private for-profit company or business, or of an individual, for wages, salary, or commissions",Spanish,Very well,No,50000,50,501
"Employee of a private for-profit company or business, or of an individual, for wages, salary, or commissions",Other Indo-European languages,N/A (less than 5 years old/speaks only English),No,88000,20,501
"Employee of a private for-profit company or business, or of an individual, for wages, salary, or commissions",English only,N/A (less than 5 years old/speaks only English),Yes,28800,30,200
"Employee of a private for-profit company or business, or of an individual, for wages, salary, or commissions",Spanish,Very well,No,33000,40,338
"Employee of a private not-for-profit, tax-exempt, or charitable organization",English only,N/A (less than 5 years old/speaks only English),No,40700,40,501
"Employee of a private for-profit company or business, or of an individual, for wages, salary, or commissions",Spanish,Very well,No,32000,40,317
"Employee of a private for-profit company or business, or of an individual, for wages, salary, or commissions",Spanish,Very well,Yes,4800,40,187
"Employee of a private for-profit company or business, or of an individual, for wages, salary, or commissions",English only,N/A (less than 5 years old/speaks only English),No,60000,40,501
"Employee of a private for-profit company or business, or of an individual, for wages, salary, or commissions",English only,N/A (less than 5 years old/speaks only English),No,41000,50,392
"Employee of a private for-profit company or business, or of an individual, for wages, salary, or commissions",Asian and Pacific Island languages,Very well,No,87000,40,501
"Employee of a private not-for-profit, tax-exempt, or charitable organization",English only,N/A (less than 5 years old/speaks only English),No,18000,40,493
"Employee of a private for-profit company or business, or of an individual, for wages, salary, or commissions",English only,N/A (less than 5 years old/speaks only English),No,51000,42,473
"Employee of a private for-profit company or business, or of an individual, for wages, salary, or commissions",English only,N/A (less than 5 years old/speaks only English),No,80000,40,273
"Employee of a private for-profit company or business, or of an individual, for wages, salary, or commissions",English only,N/A (less than 5 years old/speaks only English),No,45000,40,225
Federal government employee,English only,N/A (less than 5 years old/speaks only English),No,118000,40,501
"Employee of a private for-profit company or business, or of an individual, for wages, salary, or commissions",English only,N/A (less than 5 years old/speaks only English),No,88000,40,501
"Employee of a private for-profit company or business, or of an individual, for wages, salary, or commissions",English only,N/A (less than 5 years old/speaks only English),No,18000,30,138
"Local government employee (city, county, etc.)",English only,N/A (less than 5 years old/speaks only English),No,30000,40,501
"Employee of a private for-profit company or business, or of an individual, for wages, salary, or commissions",Spanish,Well,No,25000,40,194
"Employee of a private for-profit company or business, or of an individual, for wages, salary, or commissions",English only,N/A (less than 5 years old/speaks only English),No,60000,50,501
"Employee of a private for-profit company or business, or of an individual, for wages, salary, or commissions",Spanish,Very well,No,15000,30,162
"Employee of a private for-profit company or business, or of an individual, for wages, salary, or commissions",Spanish,Very well,Yes,42000,40,211
"Employee of a private for-profit company or business, or of an individual, for wages, salary, or commissions",Spanish,Very well,No,45000,40,347
"Employee of a private for-profit company or business, or of an individual, for wages, salary, or commissions",English only,N/A (less than 5 years old/speaks only English),No,29000,40,501
"Employee of a private for-profit company or business, or of an individual, for wages, salary, or commissions",Spanish,Not well,No,16300,65,141
"Local government employee (city, county, etc.)",English only,N/A (less than 5 years old/speaks only English),No,46100,40,360
"Employee of a private for-profit company or business, or of an individual, for wages, salary, or commissions",Spanish,Not well,No,16000,35,501
"Local government employee (city, county, etc.)",English only,N/A (less than 5 years old/speaks only English),No,60000,60,501
"Employee of a private for-profit company or business, or of an individual, for wages, salary, or commissions",Spanish,Very well,Yes,52000,45,501
"Local government employee (city, county, etc.)",English only,N/A (less than 5 years old/speaks only English),Yes,17900,80,60
"Employee of a private for-profit company or business, or of an individual, for wages, salary, or commissions",Spanish,Very well,No,600,30,284
"Employee of a private not-for-profit, tax-exempt, or charitable organization",English only,N/A (less than 5 years old/speaks only English),No,55000,50,501
"Employee of a private for-profit company or business, or of an individual, for wages, salary, or commissions",Spanish,Not at all,Yes,100000,50,360
"Employee of a private for-profit company or business, or of an individual, for wages, salary, or commissions",English only,N/A (less than 5 years old/speaks only English),No,35000,40,501
"Employee of a private for-profit company or business, or of an individual, for wages, salary, or commissions",Asian and Pacific Island languages,N/A (less than 5 years old/speaks only English),No,40000,40,467
"Employee of a private for-profit company or business, or of an individual, for wages, salary, or commissions",Spanish,Very well,No,15000,35,223
"Employee of a private for-profit company or business, or of an individual, for wages, salary, or commissions",English only,N/A (less than 5 years old/speaks only English),No,6000,40,64
"Employee of a private for-profit company or business, or of an individual, for wages, salary, or commissions",Spanish,Well,Yes,22000,40,170
"Employee of a private for-profit company or business, or of an individual, for wages, salary, or commissions",English only,N/A (less than 5 years old/speaks only English),No,51000,60,308
"Employee of a private for-profit company or business, or of an individual, for wages, salary, or commissions",Asian and Pacific Island languages,Not well,No,18200,40,288
"Employee of a private for-profit company or business, or of an individual, for wages, salary, or commissions",English only,N/A (less than 5 years old/speaks only English),No,7000,20,499
"Self-employed in own incorporated business, professional practice or farm",Asian and Pacific Island languages,Very well,No,80000,15,484
"Employee of a private for-profit company or business, or of an individual, for wages, salary, or commissions",English only,N/A (less than 5 years old/speaks only English),No,90000,40,501
"Employee of a private for-profit company or business, or of an individual, for wages, salary, or commissions",English only,N/A (less than 5 years old/speaks only English),No,104000,53,501
"Employee of a private for-profit company or business, or of an individual, for wages, salary, or commissions",Asian and Pacific Island languages,Well,No,80000,40,501
"Employee of a private for-profit company or business, or of an individual, for wages, salary, or commissions",English only,N/A (less than 5 years old/speaks only English),No,57000,60,347
"Employee of a private for-profit company or business, or of an individual, for wages, salary, or commissions",Spanish,Very well,No,42000,40,333
"Employee of a private for-profit company or business, or of an individual, for wages, salary, or commissions",English only,N/A (less than 5 years old/speaks only English),No,40000,40,356
"Employee of a private for-profit company or business, or of an individual, for wages, salary, or commissions",Other Indo-European languages,Very well,No,126500,40,501
"Local government employee (city, county, etc.)",Other Indo-European languages,Very well,No,73000,40,501
"Employee of a private for-profit company or business, or of an individual, for wages, salary, or commissions",English only,N/A (less than 5 years old/speaks only English),No,30000,48,384
"Employee of a private for-profit company or business, or of an individual, for wages, salary, or commissions",English only,N/A (less than 5 years old/speaks only English),No,468000,40,501
"Employee of a private for-profit company or business, or of an individual, for wages, salary, or commissions",Spanish,N/A (less than 5 years old/speaks only English),Yes,59000,40,357
"Employee of a private for-profit company or business, or of an individual, for wages, salary, or commissions",Other Indo-European languages,Very well,No,18000,40,387
"Employee of a private not-for-profit, tax-exempt, or charitable organization",English only,N/A (less than 5 years old/speaks only English),No,13000,40,132
"Employee of a private for-profit company or business, or of an individual, for wages, salary, or commissions",Spanish,Very well,Yes,26200,42,250
"Employee of a private for-profit company or business, or of an individual, for wages, salary, or commissions",Asian and Pacific Island languages,Very well,No,120000,40,489
"Employee of a private for-profit company or business, or of an individual, for wages, salary, or commissions",Other Indo-European languages,Very well,No,38000,40,235
"Employee of a private for-profit company or business, or of an individual, for wages, salary, or commissions",Spanish,Very well,No,300,20,244
"Employee of a private for-profit company or business, or of an individual, for wages, salary, or commissions",English only,N/A (less than 5 years old/speaks only English),No,26000,16,483
"Self-employed in own not incorporated business, professional practice, or farm",English only,N/A (less than 5 years old/speaks only English),No,40000,60,501
"Employee of a private for-profit company or business, or of an individual, for wages, salary, or commissions",English only,N/A (less than 5 years old/speaks only English),No,42000,38,329
"Employee of a private for-profit company or business, or of an individual, for wages, salary, or commissions",English only,N/A (less than 5 years old/speaks only English),No,72500,25,501
"Employee of a private for-profit company or business, or of an individual, for wages, salary, or commissions",Spanish,Very well,No,30700,40,235
"Employee of a private for-profit company or business, or of an individual, for wages, salary, or commissions",English only,N/A (less than 5 years old/speaks only English),No,40000,40,309
"Employee of a private for-profit company or business, or of an individual, for wages, salary, or commissions",Spanish,Very well,Yes,5200,35,138
"Employee of a private for-profit company or business, or of an individual, for wages, salary, or commissions",English only,N/A (less than 5 years old/speaks only English),No,101200,40,501
"Employee of a private for-profit company or business, or of an individual, for wages, salary, or commissions",Spanish,Very well,No,35100,35,293
"Local government employee (city, county, etc.)",English only,N/A (less than 5 years old/speaks only English),No,52000,40,399
"Employee of a private for-profit company or business, or of an individual, for wages, salary, or commissions",English only,N/A (less than 5 years old/speaks only English),No,54000,40,378
"Employee of a private for-profit company or business, or of an individual, for wages, salary, or commissions",Spanish,Well,No,11400,40,233
"Local government employee (city, county, etc.)",Spanish,Very well,No,17400,19,121
"Employee of a private not-for-profit, tax-exempt, or charitable organization",Spanish,Very well,No,55200,40,501
"Employee of a private for-profit company or business, or of an individual, for wages, salary, or commissions",English only,N/A (less than 5 years old/speaks only English),No,376000,50,501
"Employee of a private for-profit company or business, or of an individual, for wages, salary, or commissions",Spanish,Well,No,25000,40,288
"Employee of a private for-profit company or business, or of an individual, for wages, salary, or commissions",English only,N/A (less than 5 years old/speaks only English),No,14000,35,109
"Employee of a private not-for-profit, tax-exempt, or charitable organization",English only,N/A (less than 5 years old/speaks only English),No,30000,30,501
"Employee of a private for-profit company or business, or of an individual, for wages, salary, or commissions",English only,N/A (less than 5 years old/speaks only English),No,14000,48,70
"Employee of a private for-profit company or business, or of an individual, for wages, salary, or commissions",English only,N/A (less than 5 years old/speaks only English),Yes,1400,40,10
"Self-employed in own not incorporated business, professional practice, or farm",English only,N/A (less than 5 years old/speaks only English),No,24000,50,259
"Local government employee (city, county, etc.)",Spanish,Well,No,53000,40,436
"Employee of a private not-for-profit, tax-exempt, or charitable organization",English only,N/A (less than 5 years old/speaks only English),Yes,58000,50,501
Federal government employee,English only,N/A (less than 5 years old/speaks only English),No,188000,40,501
"Employee of a private for-profit company or business, or of an individual, for wages, salary, or commissions",English only,N/A (less than 5 years old/speaks only English),No,371000,40,501
"Employee of a private not-for-profit, tax-exempt, or charitable organization",English only,N/A (less than 5 years old/speaks only English),No,33600,20,192
"Employee of a private for-profit company or business, or of an individual, for wages, salary, or commissions",English only,N/A (less than 5 years old/speaks only English),No,58300,40,485
"Employee of a private not-for-profit, tax-exempt, or charitable organization",English only,N/A (less than 5 years old/speaks only English),No,44400,50,254
"Employee of a private for-profit company or business, or of an individual, for wages, salary, or commissions",Spanish,Very well,No,17000,40,156
"Employee of a private for-profit company or business, or of an individual, for wages, salary, or commissions",Spanish,Well,No,25000,45,139
"Self-employed in own not incorporated business, professional practice, or farm",Spanish,N/A (less than 5 years old/speaks only English),No,30000,45,313
"Employee of a private not-for-profit, tax-exempt, or charitable organization",English only,N/A (less than 5 years old/speaks only English),No,98000,50,501
"Self-employed in own not incorporated business, professional practice, or farm",Spanish,Well,No,2000,40,206
"Employee of a private for-profit company or business, or of an individual, for wages, salary, or commissions",Spanish,Very well,No,1200,20,180
"Employee of a private for-profit company or business, or of an individual, for wages, salary, or commissions",Spanish,Very well,No,40000,40,314
"Employee of a private not-for-profit, tax-exempt, or charitable organization",Spanish,N/A (less than 5 years old/speaks only English),No,74000,40,395
"Employee of a private for-profit company or business, or of an individual, for wages, salary, or commissions",English only,N/A (less than 5 years old/speaks only English),No,85000,40,501
"Employee of a private for-profit company or business, or of an individual, for wages, salary, or commissions",Asian and Pacific Island languages,Very well,No,2500,30,501
"Employee of a private for-profit company or business, or of an individual, for wages, salary, or commissions",English only,N/A (less than 5 years old/speaks only English),No,78000,40,501
"Employee of a private for-profit company or business, or of an individual, for wages, salary, or commissions",English only,N/A (less than 5 years old/speaks only English),No,78000,40,501
"Employee of a private for-profit company or business, or of an individual, for wages, salary, or commissions",Spanish,Very well,No,39000,40,205
"Employee of a private for-profit company or business, or of an individual, for wages, salary, or commissions",English only,N/A (less than 5 years old/speaks only English),No,28600,55,219
"Self-employed in own incorporated business, professional practice or farm",Spanish,Very well,No,50000,45,476
"Employee of a private for-profit company or business, or of an individual, for wages, salary, or commissions",Spanish,Very well,No,10000,99,86
"Employee of a private for-profit company or business, or of an individual, for wages, salary, or commissions",Spanish,Not well,No,25000,40,156
"Employee of a private for-profit company or business, or of an individual, for wages, salary, or commissions",Other Indo-European languages,Well,No,5100,10,271
"Employee of a private not-for-profit, tax-exempt, or charitable organization",English only,N/A (less than 5 years old/speaks only English),No,60000,40,501
"Employee of a private for-profit company or business, or of an individual, for wages, salary, or commissions",English only,N/A (less than 5 years old/speaks only English),Yes,48000,40,188
"Employee of a private not-for-profit, tax-exempt, or charitable organization",English only,N/A (less than 5 years old/speaks only English),No,60000,40,501
